	<yagoTheme_yagoInfoboxAttributeSources_de>	<hasGloss>	"Test Sources for the raw facts from the Wikipedia infoboxes WIKIPEDIA"
<id_m98oke_115_1ib5kb0>	<id_1r9izo8_141_zkfbds>	<extractionSource>	<http://de.wikipedia.org/wiki/Actinium>
	<id_m98oke_115_1ib5kb0>	<extractionTechnique>	"Infobox Extractor"
<id_1d2be7c_115_1ib5kb0>	<id_1r9izo8_1co_zbo3js>	<extractionSource>	<http://de.wikipedia.org/wiki/Actinium>
	<id_1d2be7c_115_1ib5kb0>	<extractionTechnique>	"Infobox Extractor"
<id_ius4vr_115_1ib5kb0>	<id_1r9izo8_jpx_zil2q5>	<extractionSource>	<http://de.wikipedia.org/wiki/Actinium>
	<id_ius4vr_115_1ib5kb0>	<extractionTechnique>	"Infobox Extractor"
<id_sznzcj_115_1ib5kb0>	<id_1r9izo8_1s2_1y4egjo>	<extractionSource>	<http://de.wikipedia.org/wiki/Actinium>
	<id_sznzcj_115_1ib5kb0>	<extractionTechnique>	"Infobox Extractor"
<id_14jq6m1_115_1ib5kb0>	<id_1r9izo8_pdw_pv0zpl>	<extractionSource>	<http://de.wikipedia.org/wiki/Actinium>
	<id_14jq6m1_115_1ib5kb0>	<extractionTechnique>	"Infobox Extractor"
<id_1vzh72b_115_1ib5kb0>	<id_1r9izo8_465_zik12c>	<extractionSource>	<http://de.wikipedia.org/wiki/Actinium>
	<id_1vzh72b_115_1ib5kb0>	<extractionTechnique>	"Infobox Extractor"
<id_1x7id58_115_1ib5kb0>	<id_1r9izo8_akn_11nc074>	<extractionSource>	<http://de.wikipedia.org/wiki/Actinium>
	<id_1x7id58_115_1ib5kb0>	<extractionTechnique>	"Infobox Extractor"
<id_1o8r12b_115_1ib5kb0>	<id_1r9izo8_1n6_1i9uejs>	<extractionSource>	<http://de.wikipedia.org/wiki/Actinium>
	<id_1o8r12b_115_1ib5kb0>	<extractionTechnique>	"Infobox Extractor"
<id_1j5ni6d_115_1ib5kb0>	<id_1r9izo8_4vr_zil2eu>	<extractionSource>	<http://de.wikipedia.org/wiki/Actinium>
	<id_1j5ni6d_115_1ib5kb0>	<extractionTechnique>	"Infobox Extractor"
<id_5coe02_115_1ib5kb0>	<id_1r9izo8_11u_ljm3q4>	<extractionSource>	<http://de.wikipedia.org/wiki/Actinium>
	<id_5coe02_115_1ib5kb0>	<extractionTechnique>	"Infobox Extractor"
<id_16xsawa_115_1ib5kb0>	<id_1r9izo8_akn_hmoi4s>	<extractionSource>	<http://de.wikipedia.org/wiki/Actinium>
	<id_16xsawa_115_1ib5kb0>	<extractionTechnique>	"Infobox Extractor"
<id_1gxnym1_115_1ib5kb0>	<id_1r9izo8_bpl_wwyb9w>	<extractionSource>	<http://de.wikipedia.org/wiki/Actinium>
	<id_1gxnym1_115_1ib5kb0>	<extractionTechnique>	"Infobox Extractor"
<id_1v3h5lr_115_1ib5kb0>	<id_1r9izo8_1rs_qqiyc4>	<extractionSource>	<http://de.wikipedia.org/wiki/Actinium>
	<id_1v3h5lr_115_1ib5kb0>	<extractionTechnique>	"Infobox Extractor"
<id_w8g83g_115_1ib5kb0>	<id_1r9izo8_1oq_zik10z>	<extractionSource>	<http://de.wikipedia.org/wiki/Actinium>
	<id_w8g83g_115_1ib5kb0>	<extractionTechnique>	"Infobox Extractor"
<id_lkbaos_115_1ib5kb0>	<id_1r9izo8_1ik_fm3jw>	<extractionSource>	<http://de.wikipedia.org/wiki/Actinium>
	<id_lkbaos_115_1ib5kb0>	<extractionTechnique>	"Infobox Extractor"
<id_1c2s0id_115_1ib5kb0>	<id_1r9izo8_sx1_zjgd15>	<extractionSource>	<http://de.wikipedia.org/wiki/Actinium>
	<id_1c2s0id_115_1ib5kb0>	<extractionTechnique>	"Infobox Extractor"
<id_1c2ah0l_115_1ib5kb0>	<id_1r9izo8_sx1_zil4yc>	<extractionSource>	<http://de.wikipedia.org/wiki/Actinium>
	<id_1c2ah0l_115_1ib5kb0>	<extractionTechnique>	"Infobox Extractor"
<id_1p4cw9d_115_1ib5kb0>	<id_1r9izo8_1ts_1aljhul>	<extractionSource>	<http://de.wikipedia.org/wiki/Actinium>
	<id_1p4cw9d_115_1ib5kb0>	<extractionTechnique>	"Infobox Extractor"
<id_1k51tpn_115_1ib5kb0>	<id_1r9izo8_1k5_zil39y>	<extractionSource>	<http://de.wikipedia.org/wiki/Actinium>
	<id_1k51tpn_115_1ib5kb0>	<extractionTechnique>	"Infobox Extractor"
<id_1itxkuq_115_1ib5kb0>	<id_1r9izo8_17o_8y8k0g>	<extractionSource>	<http://de.wikipedia.org/wiki/Actinium>
	<id_1itxkuq_115_1ib5kb0>	<extractionTechnique>	"Infobox Extractor"
<id_17wxycb_115_1ib5kb0>	<id_1r9izo8_1ki_1vargwb>	<extractionSource>	<http://de.wikipedia.org/wiki/Actinium>
	<id_17wxycb_115_1ib5kb0>	<extractionTechnique>	"Infobox Extractor"
<id_i9a0ld_115_1ib5kb0>	<id_1r9izo8_zrr_zil3av>	<extractionSource>	<http://de.wikipedia.org/wiki/Actinium>
	<id_i9a0ld_115_1ib5kb0>	<extractionTechnique>	"Infobox Extractor"
<id_1om8cnv_115_1ib5kb0>	<id_1r9izo8_1xz_1stpeev>	<extractionSource>	<http://de.wikipedia.org/wiki/Actinium>
	<id_1om8cnv_115_1ib5kb0>	<extractionTechnique>	"Infobox Extractor"
<id_1ibb03c_115_1ib5kb0>	<id_1r9izo8_17o_96zcju>	<extractionSource>	<http://de.wikipedia.org/wiki/Actinium>
	<id_1ibb03c_115_1ib5kb0>	<extractionTechnique>	"Infobox Extractor"
<id_1i8yvf2_115_1ib5kb0>	<id_1r9izo8_2sb_1u867rz>	<extractionSource>	<http://de.wikipedia.org/wiki/Actinium>
	<id_1i8yvf2_115_1ib5kb0>	<extractionTechnique>	"Infobox Extractor"
<id_h83h5h_115_1ib5kb0>	<id_1r9izo8_4ro_zik2dd>	<extractionSource>	<http://de.wikipedia.org/wiki/Actinium>
	<id_h83h5h_115_1ib5kb0>	<extractionTechnique>	"Infobox Extractor"
<id_wsgy3l_115_1ib5kb0>	<id_1r9izo8_3sn_zik10z>	<extractionSource>	<http://de.wikipedia.org/wiki/Actinium>
	<id_wsgy3l_115_1ib5kb0>	<extractionTechnique>	"Infobox Extractor"
<id_1fz94w3_115_1ib5kb0>	<id_1r9izo8_1ik_1at7344>	<extractionSource>	<http://de.wikipedia.org/wiki/Actinium>
	<id_1fz94w3_115_1ib5kb0>	<extractionTechnique>	"Infobox Extractor"
<id_1ntlslo_115_1ib5kb0>	<id_1r9izo8_jvg_zik113>	<extractionSource>	<http://de.wikipedia.org/wiki/Actinium>
	<id_1ntlslo_115_1ib5kb0>	<extractionTechnique>	"Infobox Extractor"
<id_xk6cji_115_1ib5kb0>	<id_1r9izo8_1gz_zik2x4>	<extractionSource>	<http://de.wikipedia.org/wiki/Actinium>
	<id_xk6cji_115_1ib5kb0>	<extractionTechnique>	"Infobox Extractor"
<id_1k9v7oo_115_1ib5kb0>	<id_1r9izo8_wfi_zik2x4>	<extractionSource>	<http://de.wikipedia.org/wiki/Actinium>
	<id_1k9v7oo_115_1ib5kb0>	<extractionTechnique>	"Infobox Extractor"
<id_1lgiiix_115_1ib5kb0>	<id_1r9izo8_1ik_1melc06>	<extractionSource>	<http://de.wikipedia.org/wiki/Actinium>
	<id_1lgiiix_115_1ib5kb0>	<extractionTechnique>	"Infobox Extractor"
<id_1n4y7q2_115_1ib5kb0>	<id_1r9izo8_d6d_zik2tz>	<extractionSource>	<http://de.wikipedia.org/wiki/Actinium>
	<id_1n4y7q2_115_1ib5kb0>	<extractionTechnique>	"Infobox Extractor"
<id_1v4pcwa_115_1ib5kb0>	<id_1r9izo8_1ri_zil3gs>	<extractionSource>	<http://de.wikipedia.org/wiki/Actinium>
	<id_1v4pcwa_115_1ib5kb0>	<extractionTechnique>	"Infobox Extractor"
<id_zfhvsl_115_1ib5kb0>	<id_1r9izo8_1ik_soqfgn>	<extractionSource>	<http://de.wikipedia.org/wiki/Actinium>
	<id_zfhvsl_115_1ib5kb0>	<extractionTechnique>	"Infobox Extractor"
<id_wi6tf2_115_1ib5kb0>	<id_1r9izo8_13i_zjgc8q>	<extractionSource>	<http://de.wikipedia.org/wiki/Actinium>
	<id_wi6tf2_115_1ib5kb0>	<extractionTechnique>	"Infobox Extractor"
<id_wi6vys_115_1ib5kb0>	<id_1r9izo8_13i_zjgeeb>	<extractionSource>	<http://de.wikipedia.org/wiki/Actinium>
	<id_wi6vys_115_1ib5kb0>	<extractionTechnique>	"Infobox Extractor"
<id_ms7zlp_115_1ib5kb0>	<id_1r9izo8_1tl_zik277>	<extractionSource>	<http://de.wikipedia.org/wiki/Actinium>
	<id_ms7zlp_115_1ib5kb0>	<extractionTechnique>	"Infobox Extractor"
<id_1mvkluu_115_1ib5kb0>	<id_1r9izo8_4fd_zik6c1>	<extractionSource>	<http://de.wikipedia.org/wiki/Actinium>
	<id_1mvkluu_115_1ib5kb0>	<extractionTechnique>	"Infobox Extractor"
<id_14svltm_115_1ib5kb0>	<id_1r9izo8_138_zjhobk>	<extractionSource>	<http://de.wikipedia.org/wiki/Actinium>
	<id_14svltm_115_1ib5kb0>	<extractionTechnique>	"Infobox Extractor"
<id_1honmbf_115_1ib5kb0>	<id_1r9izo8_138_1oi01gp>	<extractionSource>	<http://de.wikipedia.org/wiki/Actinium>
	<id_1honmbf_115_1ib5kb0>	<extractionTechnique>	"Infobox Extractor"
<id_1chgowl_115_1ib5kb0>	<id_1r9izo8_1ui_zik2ma>	<extractionSource>	<http://de.wikipedia.org/wiki/Actinium>
	<id_1chgowl_115_1ib5kb0>	<extractionTechnique>	"Infobox Extractor"
<id_pz4obi_115_1ib5kb0>	<id_1r9izo8_1dc_1gkv06e>	<extractionSource>	<http://de.wikipedia.org/wiki/Actinium>
	<id_pz4obi_115_1ib5kb0>	<extractionTechnique>	"Infobox Extractor"
<id_1cejr3r_115_1ib5kb0>	<id_1r9izo8_gl2_zik275>	<extractionSource>	<http://de.wikipedia.org/wiki/Actinium>
	<id_1cejr3r_115_1ib5kb0>	<extractionTechnique>	"Infobox Extractor"
<id_14q4lci_115_1lc5k9h>	<id_l4kogx_rwp_zjlfaw>	<extractionSource>	<http://de.wikipedia.org/wiki/The_Visitors>
	<id_14q4lci_115_1lc5k9h>	<extractionTechnique>	"Infobox Extractor"
<id_zqbh2m_115_1lc5k9h>	<id_l4kogx_1vo_qmdfif>	<extractionSource>	<http://de.wikipedia.org/wiki/The_Visitors>
	<id_zqbh2m_115_1lc5k9h>	<extractionTechnique>	"Infobox Extractor"
<id_17ocgpt_115_1lc5k9h>	<id_l4kogx_jw8_1lg6qg3>	<extractionSource>	<http://de.wikipedia.org/wiki/The_Visitors>
	<id_17ocgpt_115_1lc5k9h>	<extractionTechnique>	"Infobox Extractor"
<id_1y7k7e4_115_1lc5k9h>	<id_l4kogx_48s_e70zo1>	<extractionSource>	<http://de.wikipedia.org/wiki/The_Visitors>
	<id_1y7k7e4_115_1lc5k9h>	<extractionTechnique>	"Infobox Extractor"
<id_16p4j2l_115_1lc5k9h>	<id_l4kogx_17o_3hqvy8>	<extractionSource>	<http://de.wikipedia.org/wiki/The_Visitors>
	<id_16p4j2l_115_1lc5k9h>	<extractionTechnique>	"Infobox Extractor"
<id_yxm8i0_115_1lc5k9h>	<id_l4kogx_1mf_1c5lbmo>	<extractionSource>	<http://de.wikipedia.org/wiki/The_Visitors>
	<id_yxm8i0_115_1lc5k9h>	<extractionTechnique>	"Infobox Extractor"
<id_1yz2lgb_115_1lc5k9h>	<id_l4kogx_4bg_1373clf>	<extractionSource>	<http://de.wikipedia.org/wiki/The_Visitors>
	<id_1yz2lgb_115_1lc5k9h>	<extractionTechnique>	"Infobox Extractor"
<id_1go9o5q_115_1lc5k9h>	<id_l4kogx_ha5_1ok24kk>	<extractionSource>	<http://de.wikipedia.org/wiki/The_Visitors>
	<id_1go9o5q_115_1lc5k9h>	<extractionTechnique>	"Infobox Extractor"
<id_1eavr70_115_1lc5k9h>	<id_l4kogx_ce7_zxit50>	<extractionSource>	<http://de.wikipedia.org/wiki/The_Visitors>
	<id_1eavr70_115_1lc5k9h>	<extractionTechnique>	"Infobox Extractor"
<id_1d5i5c1_115_1lc5k9h>	<id_l4kogx_zqo_1849ixa>	<extractionSource>	<http://de.wikipedia.org/wiki/The_Visitors>
	<id_1d5i5c1_115_1lc5k9h>	<extractionTechnique>	"Infobox Extractor"
<id_1d29f1b_115_1lc5k9h>	<id_l4kogx_1ug_1a1gzlq>	<extractionSource>	<http://de.wikipedia.org/wiki/The_Visitors>
	<id_1d29f1b_115_1lc5k9h>	<extractionTechnique>	"Infobox Extractor"
<id_121spqj_115_1lc5k9h>	<id_l4kogx_ako_5m3ks6>	<extractionSource>	<http://de.wikipedia.org/wiki/The_Visitors>
	<id_121spqj_115_1lc5k9h>	<extractionTechnique>	"Infobox Extractor"
<id_1fj0c20_115_1lc5k9h>	<id_l4kogx_113_1g2guzb>	<extractionSource>	<http://de.wikipedia.org/wiki/The_Visitors>
	<id_1fj0c20_115_1lc5k9h>	<extractionTechnique>	"Infobox Extractor"
<id_wyozfh_115_15oa0tz>	<id_z5e1bf_141_zkfbds>	<extractionSource>	<http://de.wikipedia.org/wiki/Aluminium>
	<id_wyozfh_115_15oa0tz>	<extractionTechnique>	"Infobox Extractor"
<id_6afyjr_115_15oa0tz>	<id_z5e1bf_1co_1oq9ths>	<extractionSource>	<http://de.wikipedia.org/wiki/Aluminium>
	<id_6afyjr_115_15oa0tz>	<extractionTechnique>	"Infobox Extractor"
<id_tk8fln_115_15oa0tz>	<id_z5e1bf_jpx_zil2k4>	<extractionSource>	<http://de.wikipedia.org/wiki/Aluminium>
	<id_tk8fln_115_15oa0tz>	<extractionTechnique>	"Infobox Extractor"
<id_13tjez3_115_15oa0tz>	<id_z5e1bf_1pm_zil2jc>	<extractionSource>	<http://de.wikipedia.org/wiki/Aluminium>
	<id_13tjez3_115_15oa0tz>	<extractionTechnique>	"Infobox Extractor"
<id_5r528k_115_15oa0tz>	<id_z5e1bf_1s2_1y4egjo>	<extractionSource>	<http://de.wikipedia.org/wiki/Aluminium>
	<id_5r528k_115_15oa0tz>	<extractionTechnique>	"Infobox Extractor"
<id_1m6jipl_115_15oa0tz>	<id_z5e1bf_3j3_19ebukg>	<extractionSource>	<http://de.wikipedia.org/wiki/Aluminium>
	<id_1m6jipl_115_15oa0tz>	<extractionTechnique>	"Infobox Extractor"
<id_1t3um2o_115_15oa0tz>	<id_z5e1bf_pdw_13is646>	<extractionSource>	<http://de.wikipedia.org/wiki/Aluminium>
	<id_1t3um2o_115_15oa0tz>	<extractionTechnique>	"Infobox Extractor"
<id_7ntfym_115_15oa0tz>	<id_z5e1bf_465_zik12o>	<extractionSource>	<http://de.wikipedia.org/wiki/Aluminium>
	<id_7ntfym_115_15oa0tz>	<extractionTechnique>	"Infobox Extractor"
<id_1f7tiwg_115_15oa0tz>	<id_z5e1bf_akn_ck1s94>	<extractionSource>	<http://de.wikipedia.org/wiki/Aluminium>
	<id_1f7tiwg_115_15oa0tz>	<extractionTechnique>	"Infobox Extractor"
<id_1554s1m_115_15oa0tz>	<id_z5e1bf_1n6_1pq33y7>	<extractionSource>	<http://de.wikipedia.org/wiki/Aluminium>
	<id_1554s1m_115_15oa0tz>	<extractionTechnique>	"Infobox Extractor"
<id_1erluqj_115_15oa0tz>	<id_z5e1bf_1uu_1kvh73a>	<extractionSource>	<http://de.wikipedia.org/wiki/Aluminium>
	<id_1erluqj_115_15oa0tz>	<extractionTechnique>	"Infobox Extractor"
<id_1tvkjsl_115_15oa0tz>	<id_z5e1bf_4vr_zjg9au>	<extractionSource>	<http://de.wikipedia.org/wiki/Aluminium>
	<id_1tvkjsl_115_15oa0tz>	<extractionTechnique>	"Infobox Extractor"
<id_1ppfcf7_115_15oa0tz>	<id_z5e1bf_11u_6vlt2s>	<extractionSource>	<http://de.wikipedia.org/wiki/Aluminium>
	<id_1ppfcf7_115_15oa0tz>	<extractionTechnique>	"Infobox Extractor"
<id_6gtobh_115_15oa0tz>	<id_z5e1bf_1np_1f32be0>	<extractionSource>	<http://de.wikipedia.org/wiki/Aluminium>
	<id_6gtobh_115_15oa0tz>	<extractionTechnique>	"Infobox Extractor"
<id_1hn8lnj_115_15oa0tz>	<id_z5e1bf_akn_hmogne>	<extractionSource>	<http://de.wikipedia.org/wiki/Aluminium>
	<id_1hn8lnj_115_15oa0tz>	<extractionTechnique>	"Infobox Extractor"
<id_1nk5qeu_115_15oa0tz>	<id_z5e1bf_bpl_odr24d>	<extractionSource>	<http://de.wikipedia.org/wiki/Aluminium>
	<id_1nk5qeu_115_15oa0tz>	<extractionTechnique>	"Infobox Extractor"
<id_18s78hm_115_15oa0tz>	<id_z5e1bf_1rs_1bi2265>	<extractionSource>	<http://de.wikipedia.org/wiki/Aluminium>
	<id_18s78hm_115_15oa0tz>	<extractionTechnique>	"Infobox Extractor"
<id_9tjst0_115_15oa0tz>	<id_z5e1bf_pa3_1yq5m2r>	<extractionSource>	<http://de.wikipedia.org/wiki/Aluminium>
	<id_9tjst0_115_15oa0tz>	<extractionTechnique>	"Infobox Extractor"
<id_16xwjtd_115_15oa0tz>	<id_z5e1bf_1oq_zik276>	<extractionSource>	<http://de.wikipedia.org/wiki/Aluminium>
	<id_16xwjtd_115_15oa0tz>	<extractionTechnique>	"Infobox Extractor"
<id_1awu7yt_115_15oa0tz>	<id_z5e1bf_1ik_udhssr>	<extractionSource>	<http://de.wikipedia.org/wiki/Aluminium>
	<id_1awu7yt_115_15oa0tz>	<extractionTechnique>	"Infobox Extractor"
<id_16i2zal_115_15oa0tz>	<id_z5e1bf_sx1_1nlgf13>	<extractionSource>	<http://de.wikipedia.org/wiki/Aluminium>
	<id_16i2zal_115_15oa0tz>	<extractionTechnique>	"Infobox Extractor"
<id_1628f3c_115_15oa0tz>	<id_z5e1bf_sx1_1o204b5>	<extractionSource>	<http://de.wikipedia.org/wiki/Aluminium>
	<id_1628f3c_115_15oa0tz>	<extractionTechnique>	"Infobox Extractor"
<id_d0i13f_115_15oa0tz>	<id_z5e1bf_sx1_10cpela>	<extractionSource>	<http://de.wikipedia.org/wiki/Aluminium>
	<id_d0i13f_115_15oa0tz>	<extractionTechnique>	"Infobox Extractor"
<id_kwl22l_115_15oa0tz>	<id_z5e1bf_1ts_wtgosl>	<extractionSource>	<http://de.wikipedia.org/wiki/Aluminium>
	<id_kwl22l_115_15oa0tz>	<extractionTechnique>	"Infobox Extractor"
<id_1uui4z2_115_15oa0tz>	<id_z5e1bf_1k5_zil2k0>	<extractionSource>	<http://de.wikipedia.org/wiki/Aluminium>
	<id_1uui4z2_115_15oa0tz>	<extractionTechnique>	"Infobox Extractor"
<id_heib72_115_15oa0tz>	<id_z5e1bf_17o_icy95c>	<extractionSource>	<http://de.wikipedia.org/wiki/Aluminium>
	<id_heib72_115_15oa0tz>	<extractionTechnique>	"Infobox Extractor"
<id_c2rnd3_115_15oa0tz>	<id_z5e1bf_1bj_1ei0x11>	<extractionSource>	<http://de.wikipedia.org/wiki/Aluminium>
	<id_c2rnd3_115_15oa0tz>	<extractionTechnique>	"Infobox Extractor"
<id_ho4grl_115_15oa0tz>	<id_z5e1bf_1ki_1q976nw>	<extractionSource>	<http://de.wikipedia.org/wiki/Aluminium>
	<id_ho4grl_115_15oa0tz>	<extractionTechnique>	"Infobox Extractor"
<id_19zvrii_115_15oa0tz>	<id_z5e1bf_e6w_zjgwbc>	<extractionSource>	<http://de.wikipedia.org/wiki/Aluminium>
	<id_19zvrii_115_15oa0tz>	<extractionTechnique>	"Infobox Extractor"
<id_1xhm55i_115_15oa0tz>	<id_z5e1bf_1xz_26z9y0>	<extractionSource>	<http://de.wikipedia.org/wiki/Aluminium>
	<id_1xhm55i_115_15oa0tz>	<extractionTechnique>	"Infobox Extractor"
<id_8mp901_115_15oa0tz>	<id_z5e1bf_17o_1rp6fy1>	<extractionSource>	<http://de.wikipedia.org/wiki/Aluminium>
	<id_8mp901_115_15oa0tz>	<extractionTechnique>	"Infobox Extractor"
<id_f9j4vc_115_15oa0tz>	<id_z5e1bf_w90_1n01ixv>	<extractionSource>	<http://de.wikipedia.org/wiki/Aluminium>
	<id_f9j4vc_115_15oa0tz>	<extractionTechnique>	"Infobox Extractor"
<id_ncsrk_115_15oa0tz>	<id_z5e1bf_2sb_1544mt9>	<extractionSource>	<http://de.wikipedia.org/wiki/Aluminium>
	<id_ncsrk_115_15oa0tz>	<extractionTechnique>	"Infobox Extractor"
<id_rxjqwj_115_15oa0tz>	<id_z5e1bf_4ro_zik276>	<extractionSource>	<http://de.wikipedia.org/wiki/Aluminium>
	<id_rxjqwj_115_15oa0tz>	<extractionTechnique>	"Infobox Extractor"
<id_1x7krqv_115_15oa0tz>	<id_z5e1bf_3sn_1trd19u>	<extractionSource>	<http://de.wikipedia.org/wiki/Aluminium>
	<id_1x7krqv_115_15oa0tz>	<extractionTechnique>	"Infobox Extractor"
<id_1fr0pe8_115_15oa0tz>	<id_z5e1bf_4di_hatww5>	<extractionSource>	<http://de.wikipedia.org/wiki/Aluminium>
	<id_1fr0pe8_115_15oa0tz>	<extractionTechnique>	"Infobox Extractor"
<id_11byvqe_115_15oa0tz>	<id_z5e1bf_1ik_1swaoba>	<extractionSource>	<http://de.wikipedia.org/wiki/Aluminium>
	<id_11byvqe_115_15oa0tz>	<extractionTechnique>	"Infobox Extractor"
<id_1yj23hv_115_15oa0tz>	<id_z5e1bf_jvg_zik10z>	<extractionSource>	<http://de.wikipedia.org/wiki/Aluminium>
	<id_1yj23hv_115_15oa0tz>	<extractionTechnique>	"Infobox Extractor"
<id_1idg1wb_115_15oa0tz>	<id_z5e1bf_1mc_zjfm8t>	<extractionSource>	<http://de.wikipedia.org/wiki/Aluminium>
	<id_1idg1wb_115_15oa0tz>	<extractionTechnique>	"Infobox Extractor"
<id_hs1cca_115_15oa0tz>	<id_z5e1bf_1gz_1m4ku0s>	<extractionSource>	<http://de.wikipedia.org/wiki/Aluminium>
	<id_hs1cca_115_15oa0tz>	<extractionTechnique>	"Infobox Extractor"
<id_1lvacti_115_15oa0tz>	<id_z5e1bf_wfi_17k79ey>	<extractionSource>	<http://de.wikipedia.org/wiki/Aluminium>
	<id_1lvacti_115_15oa0tz>	<extractionTechnique>	"Infobox Extractor"
<id_1c61vgs_115_15oa0tz>	<id_z5e1bf_1ik_wxq8go>	<extractionSource>	<http://de.wikipedia.org/wiki/Aluminium>
	<id_1c61vgs_115_15oa0tz>	<extractionTechnique>	"Infobox Extractor"
<id_tmogu6_115_15oa0tz>	<id_z5e1bf_1gi_1o32wp0>	<extractionSource>	<http://de.wikipedia.org/wiki/Aluminium>
	<id_tmogu6_115_15oa0tz>	<extractionTechnique>	"Infobox Extractor"
<id_17bldc8_115_15oa0tz>	<id_z5e1bf_1ik_o3fwlc>	<extractionSource>	<http://de.wikipedia.org/wiki/Aluminium>
	<id_17bldc8_115_15oa0tz>	<extractionTechnique>	"Infobox Extractor"
<id_agpb21_115_15oa0tz>	<id_z5e1bf_1n4_i0sf07>	<extractionSource>	<http://de.wikipedia.org/wiki/Aluminium>
	<id_agpb21_115_15oa0tz>	<extractionTechnique>	"Infobox Extractor"
<id_1m4d140_115_15oa0tz>	<id_z5e1bf_13i_1pxk3kr>	<extractionSource>	<http://de.wikipedia.org/wiki/Aluminium>
	<id_1m4d140_115_15oa0tz>	<extractionTechnique>	"Infobox Extractor"
<id_1mpe57u_115_15oa0tz>	<id_z5e1bf_13i_1rb3hyu>	<extractionSource>	<http://de.wikipedia.org/wiki/Aluminium>
	<id_1mpe57u_115_15oa0tz>	<extractionTechnique>	"Infobox Extractor"
<id_xi6jav_115_15oa0tz>	<id_z5e1bf_1tl_zjgc16>	<extractionSource>	<http://de.wikipedia.org/wiki/Aluminium>
	<id_xi6jav_115_15oa0tz>	<extractionTechnique>	"Infobox Extractor"
<id_1xl0ua3_115_15oa0tz>	<id_z5e1bf_4fd_zik2wo>	<extractionSource>	<http://de.wikipedia.org/wiki/Aluminium>
	<id_1xl0ua3_115_15oa0tz>	<extractionTechnique>	"Infobox Extractor"
<id_1fiamgd_115_15oa0tz>	<id_z5e1bf_138_zjh28r>	<extractionSource>	<http://de.wikipedia.org/wiki/Aluminium>
	<id_1fiamgd_115_15oa0tz>	<extractionTechnique>	"Infobox Extractor"
<id_tlw1wr_115_15oa0tz>	<id_z5e1bf_138_1o203an>	<extractionSource>	<http://de.wikipedia.org/wiki/Aluminium>
	<id_tlw1wr_115_15oa0tz>	<extractionTechnique>	"Infobox Extractor"
<id_heu5eb_115_15oa0tz>	<id_z5e1bf_165_zil7x2>	<extractionSource>	<http://de.wikipedia.org/wiki/Aluminium>
	<id_heu5eb_115_15oa0tz>	<extractionTechnique>	"Infobox Extractor"
<id_1n6wzrx_115_15oa0tz>	<id_z5e1bf_1ui_zik2mj>	<extractionSource>	<http://de.wikipedia.org/wiki/Aluminium>
	<id_1n6wzrx_115_15oa0tz>	<extractionTechnique>	"Infobox Extractor"
<id_65y13v_115_15oa0tz>	<id_z5e1bf_145_zil2p9>	<extractionSource>	<http://de.wikipedia.org/wiki/Aluminium>
	<id_65y13v_115_15oa0tz>	<extractionTechnique>	"Infobox Extractor"
<id_6c33o0_115_15oa0tz>	<id_z5e1bf_1dc_69kpnw>	<extractionSource>	<http://de.wikipedia.org/wiki/Aluminium>
	<id_6c33o0_115_15oa0tz>	<extractionTechnique>	"Infobox Extractor"
<id_1n40qrp_115_15oa0tz>	<id_z5e1bf_gl2_zil3bo>	<extractionSource>	<http://de.wikipedia.org/wiki/Aluminium>
	<id_1n40qrp_115_15oa0tz>	<extractionTechnique>	"Infobox Extractor"
<id_zp6ruf_115_991vm0>	<id_1chqlks_141_zkfbds>	<extractionSource>	<http://de.wikipedia.org/wiki/Antimon>
	<id_zp6ruf_115_991vm0>	<extractionTechnique>	"Infobox Extractor"
<id_nyadfm_115_991vm0>	<id_1chqlks_1co_1wuvogm>	<extractionSource>	<http://de.wikipedia.org/wiki/Antimon>
	<id_nyadfm_115_991vm0>	<extractionTechnique>	"Infobox Extractor"
<id_waq839_115_991vm0>	<id_1chqlks_jpx_zil2lu>	<extractionSource>	<http://de.wikipedia.org/wiki/Antimon>
	<id_waq839_115_991vm0>	<extractionTechnique>	"Infobox Extractor"
<id_16k17fh_115_991vm0>	<id_1chqlks_1pm_zil2kx>	<extractionSource>	<http://de.wikipedia.org/wiki/Antimon>
	<id_16k17fh_115_991vm0>	<extractionTechnique>	"Infobox Extractor"
<id_f2kh4s_115_991vm0>	<id_1chqlks_1s2_1nf9rgz>	<extractionSource>	<http://de.wikipedia.org/wiki/Antimon>
	<id_f2kh4s_115_991vm0>	<extractionTechnique>	"Infobox Extractor"
<id_zv80x1_115_991vm0>	<id_1chqlks_pdw_1p0jkha>	<extractionSource>	<http://de.wikipedia.org/wiki/Antimon>
	<id_zv80x1_115_991vm0>	<extractionTechnique>	"Infobox Extractor"
<id_aeb8dk_115_991vm0>	<id_1chqlks_465_zik12o>	<extractionSource>	<http://de.wikipedia.org/wiki/Antimon>
	<id_aeb8dk_115_991vm0>	<extractionTechnique>	"Infobox Extractor"
<id_1nr6x1l_115_991vm0>	<id_1chqlks_akn_11nc1oa>	<extractionSource>	<http://de.wikipedia.org/wiki/Antimon>
	<id_1nr6x1l_115_991vm0>	<extractionTechnique>	"Infobox Extractor"
<id_7td9tb_115_991vm0>	<id_1chqlks_1n6_xm0rem>	<extractionSource>	<http://de.wikipedia.org/wiki/Antimon>
	<id_7td9tb_115_991vm0>	<extractionTechnique>	"Infobox Extractor"
<id_17lq6p5_115_991vm0>	<id_1chqlks_1uu_gfe53u>	<extractionSource>	<http://de.wikipedia.org/wiki/Antimon>
	<id_17lq6p5_115_991vm0>	<extractionTechnique>	"Infobox Extractor"
<id_1wm3l46_115_991vm0>	<id_1chqlks_4vr_zjgw5b>	<extractionSource>	<http://de.wikipedia.org/wiki/Antimon>
	<id_1wm3l46_115_991vm0>	<extractionTechnique>	"Infobox Extractor"
<id_18j8tzg_115_991vm0>	<id_1chqlks_11u_129cku5>	<extractionSource>	<http://de.wikipedia.org/wiki/Antimon>
	<id_18j8tzg_115_991vm0>	<extractionTechnique>	"Infobox Extractor"
<id_1kdqe2h_115_991vm0>	<id_1chqlks_akn_hmogne>	<extractionSource>	<http://de.wikipedia.org/wiki/Antimon>
	<id_1kdqe2h_115_991vm0>	<extractionTechnique>	"Infobox Extractor"
<id_1r38801_115_991vm0>	<id_1chqlks_bpl_pyopl8>	<extractionSource>	<http://de.wikipedia.org/wiki/Antimon>
	<id_1r38801_115_991vm0>	<extractionTechnique>	"Infobox Extractor"
<id_1mker6j_115_991vm0>	<id_1chqlks_1rs_1bi25vm>	<extractionSource>	<http://de.wikipedia.org/wiki/Antimon>
	<id_1mker6j_115_991vm0>	<extractionTechnique>	"Infobox Extractor"
<id_1rd6l1g_115_991vm0>	<id_1chqlks_pa3_17njgio>	<extractionSource>	<http://de.wikipedia.org/wiki/Antimon>
	<id_1rd6l1g_115_991vm0>	<extractionTechnique>	"Infobox Extractor"
<id_19oec8d_115_991vm0>	<id_1chqlks_1oq_zik278>	<extractionSource>	<http://de.wikipedia.org/wiki/Antimon>
	<id_19oec8d_115_991vm0>	<extractionTechnique>	"Infobox Extractor"
<id_1djuzll_115_991vm0>	<id_1chqlks_1ik_1po7336>	<extractionSource>	<http://de.wikipedia.org/wiki/Antimon>
	<id_1djuzll_115_991vm0>	<extractionTechnique>	"Infobox Extractor"
<id_1k9hagj_115_991vm0>	<id_1chqlks_sx1_1njy3nw>	<extractionSource>	<http://de.wikipedia.org/wiki/Antimon>
	<id_1k9hagj_115_991vm0>	<extractionTechnique>	"Infobox Extractor"
<id_1pipptj_115_991vm0>	<id_1chqlks_sx1_zjh266>	<extractionSource>	<http://de.wikipedia.org/wiki/Antimon>
	<id_1pipptj_115_991vm0>	<extractionTechnique>	"Infobox Extractor"
<id_1pird34_115_991vm0>	<id_1chqlks_sx1_zjiapk>	<extractionSource>	<http://de.wikipedia.org/wiki/Antimon>
	<id_1pird34_115_991vm0>	<extractionTechnique>	"Infobox Extractor"
<id_1piru3z_115_991vm0>	<id_1chqlks_sx1_zjiz1b>	<extractionSource>	<http://de.wikipedia.org/wiki/Antimon>
	<id_1piru3z_115_991vm0>	<extractionTechnique>	"Infobox Extractor"
<id_1pi8md5_115_991vm0>	<id_1chqlks_sx1_zil7rt>	<extractionSource>	<http://de.wikipedia.org/wiki/Antimon>
	<id_1pi8md5_115_991vm0>	<extractionTechnique>	"Infobox Extractor"
<id_1j0xrwk_115_991vm0>	<id_1chqlks_1ts_1hofroh>	<extractionSource>	<http://de.wikipedia.org/wiki/Antimon>
	<id_1j0xrwk_115_991vm0>	<extractionTechnique>	"Infobox Extractor"
<id_1xkzxey_115_991vm0>	<id_1chqlks_1k5_zil2l3>	<extractionSource>	<http://de.wikipedia.org/wiki/Antimon>
	<id_1xkzxey_115_991vm0>	<extractionTechnique>	"Infobox Extractor"
<id_ku4zry_115_991vm0>	<id_1chqlks_17o_1odlt9i>	<extractionSource>	<http://de.wikipedia.org/wiki/Antimon>
	<id_ku4zry_115_991vm0>	<extractionTechnique>	"Infobox Extractor"
<id_ub5s9d_115_991vm0>	<id_1chqlks_1bj_1p5yaq4>	<extractionSource>	<http://de.wikipedia.org/wiki/Antimon>
	<id_ub5s9d_115_991vm0>	<extractionTechnique>	"Infobox Extractor"
<id_3ponbf_115_991vm0>	<id_1chqlks_1ki_ve6ww8>	<extractionSource>	<http://de.wikipedia.org/wiki/Antimon>
	<id_3ponbf_115_991vm0>	<extractionTechnique>	"Infobox Extractor"
<id_1cpvkbd_115_991vm0>	<id_1chqlks_e6w_zil3w7>	<extractionSource>	<http://de.wikipedia.org/wiki/Antimon>
	<id_1cpvkbd_115_991vm0>	<extractionTechnique>	"Infobox Extractor"
<id_vn6wsn_115_991vm0>	<id_1chqlks_1xz_qa0gmw>	<extractionSource>	<http://de.wikipedia.org/wiki/Antimon>
	<id_vn6wsn_115_991vm0>	<extractionTechnique>	"Infobox Extractor"
<id_euhoro_115_991vm0>	<id_1chqlks_17o_1d1fn7u>	<extractionSource>	<http://de.wikipedia.org/wiki/Antimon>
	<id_euhoro_115_991vm0>	<extractionTechnique>	"Infobox Extractor"
<id_1ed9u21_115_991vm0>	<id_1chqlks_w90_ngue49>	<extractionSource>	<http://de.wikipedia.org/wiki/Antimon>
	<id_1ed9u21_115_991vm0>	<extractionTechnique>	"Infobox Extractor"
<id_1an8m8b_115_991vm0>	<id_1chqlks_2sb_1wqvawt>	<extractionSource>	<http://de.wikipedia.org/wiki/Antimon>
	<id_1an8m8b_115_991vm0>	<extractionTechnique>	"Infobox Extractor"
<id_uo1kd4_115_991vm0>	<id_1chqlks_4ro_zik2ak>	<extractionSource>	<http://de.wikipedia.org/wiki/Antimon>
	<id_uo1kd4_115_991vm0>	<extractionTechnique>	"Infobox Extractor"
<id_1f7lhyv_115_991vm0>	<id_1chqlks_3sn_130dhs3>	<extractionSource>	<http://de.wikipedia.org/wiki/Antimon>
	<id_1f7lhyv_115_991vm0>	<extractionTechnique>	"Infobox Extractor"
<id_1a3gdwp_115_991vm0>	<id_1chqlks_1ik_mu7zk3>	<extractionSource>	<http://de.wikipedia.org/wiki/Antimon>
	<id_1a3gdwp_115_991vm0>	<extractionTechnique>	"Infobox Extractor"
<id_28ftwj_115_991vm0>	<id_1chqlks_jvg_zik111>	<extractionSource>	<http://de.wikipedia.org/wiki/Antimon>
	<id_28ftwj_115_991vm0>	<extractionTechnique>	"Infobox Extractor"
<id_1xpjwl3_115_991vm0>	<id_1chqlks_wfi_zhyylf>	<extractionSource>	<http://de.wikipedia.org/wiki/Antimon>
	<id_1xpjwl3_115_991vm0>	<extractionTechnique>	"Infobox Extractor"
<id_1khta1g_115_991vm0>	<id_1chqlks_1ik_p92x9>	<extractionSource>	<http://de.wikipedia.org/wiki/Antimon>
	<id_1khta1g_115_991vm0>	<extractionTechnique>	"Infobox Extractor"
<id_ikug1t_115_991vm0>	<id_1chqlks_1ik_52bk38>	<extractionSource>	<http://de.wikipedia.org/wiki/Antimon>
	<id_ikug1t_115_991vm0>	<extractionTechnique>	"Infobox Extractor"
<id_ulq61_115_991vm0>	<id_1chqlks_13i_1pvwpva>	<extractionSource>	<http://de.wikipedia.org/wiki/Antimon>
	<id_ulq61_115_991vm0>	<extractionTechnique>	"Infobox Extractor"
<id_uu10u_115_991vm0>	<id_1chqlks_13i_1r9g49d>	<extractionSource>	<http://de.wikipedia.org/wiki/Antimon>
	<id_uu10u_115_991vm0>	<extractionTechnique>	"Infobox Extractor"
<id_108ohpk_115_991vm0>	<id_1chqlks_1tl_zjgipf>	<extractionSource>	<http://de.wikipedia.org/wiki/Antimon>
	<id_108ohpk_115_991vm0>	<extractionTechnique>	"Infobox Extractor"
<id_1aekme_115_991vm0>	<id_1chqlks_4fd_zik2sl>	<extractionSource>	<http://de.wikipedia.org/wiki/Antimon>
	<id_1aekme_115_991vm0>	<extractionTechnique>	"Infobox Extractor"
<id_1i8swgn_115_991vm0>	<id_1chqlks_138_zjggnb>	<extractionSource>	<http://de.wikipedia.org/wiki/Antimon>
	<id_1i8swgn_115_991vm0>	<extractionTechnique>	"Infobox Extractor"
<id_17uaclf_115_991vm0>	<id_1chqlks_138_1nlzluj>	<extractionSource>	<http://de.wikipedia.org/wiki/Antimon>
	<id_17uaclf_115_991vm0>	<extractionTechnique>	"Infobox Extractor"
<id_1pxeri4_115_991vm0>	<id_1chqlks_1ui_zik31r>	<extractionSource>	<http://de.wikipedia.org/wiki/Antimon>
	<id_1pxeri4_115_991vm0>	<extractionTechnique>	"Infobox Extractor"
<id_8wfsy0_115_991vm0>	<id_1chqlks_145_zil394>	<extractionSource>	<http://de.wikipedia.org/wiki/Antimon>
	<id_8wfsy0_115_991vm0>	<extractionTechnique>	"Infobox Extractor"
<id_zjo4ln_115_991vm0>	<id_1chqlks_1dc_lty8kv>	<extractionSource>	<http://de.wikipedia.org/wiki/Antimon>
	<id_zjo4ln_115_991vm0>	<extractionTechnique>	"Infobox Extractor"
<id_1puhuek_115_991vm0>	<id_1chqlks_gl2_zik282>	<extractionSource>	<http://de.wikipedia.org/wiki/Antimon>
	<id_1puhuek_115_991vm0>	<extractionTechnique>	"Infobox Extractor"
<id_1ht9u0a_115_pd3ehf>	<id_jn0juv_141_ut6v6>	<extractionSource>	<http://de.wikipedia.org/wiki/Argon>
	<id_1ht9u0a_115_pd3ehf>	<extractionTechnique>	"Infobox Extractor"
<id_1gj6myp_115_pd3ehf>	<id_jn0juv_1co_1ok0bw7>	<extractionSource>	<http://de.wikipedia.org/wiki/Argon>
	<id_1gj6myp_115_pd3ehf>	<extractionTechnique>	"Infobox Extractor"
<id_17ltlk1_115_pd3ehf>	<id_jn0juv_1pm_zik2ca>	<extractionSource>	<http://de.wikipedia.org/wiki/Argon>
	<id_17ltlk1_115_pd3ehf>	<extractionTechnique>	"Infobox Extractor"
<id_n5dgjs_115_pd3ehf>	<id_jn0juv_1s2_msia4s>	<extractionSource>	<http://de.wikipedia.org/wiki/Argon>
	<id_n5dgjs_115_pd3ehf>	<extractionTechnique>	"Infobox Extractor"
<id_bg49p6_115_pd3ehf>	<id_jn0juv_465_zik12o>	<extractionSource>	<http://de.wikipedia.org/wiki/Argon>
	<id_bg49p6_115_pd3ehf>	<extractionTechnique>	"Infobox Extractor"
<id_la30k0_115_pd3ehf>	<id_jn0juv_akn_11nc2f0>	<extractionSource>	<http://de.wikipedia.org/wiki/Argon>
	<id_la30k0_115_pd3ehf>	<extractionTechnique>	"Infobox Extractor"
<id_1d6e2a7_115_pd3ehf>	<id_jn0juv_1n6_91ecy0>	<extractionSource>	<http://de.wikipedia.org/wiki/Argon>
	<id_1d6e2a7_115_pd3ehf>	<extractionTechnique>	"Infobox Extractor"
<id_1tynyr4_115_pd3ehf>	<id_jn0juv_11u_98h67t>	<extractionSource>	<http://de.wikipedia.org/wiki/Argon>
	<id_1tynyr4_115_pd3ehf>	<extractionTechnique>	"Infobox Extractor"
<id_1lfjfe3_115_pd3ehf>	<id_jn0juv_akn_hmogne>	<extractionSource>	<http://de.wikipedia.org/wiki/Argon>
	<id_1lfjfe3_115_pd3ehf>	<extractionTechnique>	"Infobox Extractor"
<id_1vfea6r_115_pd3ehf>	<id_jn0juv_bpl_wwy9si>	<extractionSource>	<http://de.wikipedia.org/wiki/Argon>
	<id_1vfea6r_115_pd3ehf>	<extractionTechnique>	"Infobox Extractor"
<id_k3asj0_115_pd3ehf>	<id_jn0juv_1rs_1bi23nj>	<extractionSource>	<http://de.wikipedia.org/wiki/Argon>
	<id_k3asj0_115_pd3ehf>	<extractionTechnique>	"Infobox Extractor"
<id_ow2o2a_115_pd3ehf>	<id_jn0juv_pa3_17njgio>	<extractionSource>	<http://de.wikipedia.org/wiki/Argon>
	<id_ow2o2a_115_pd3ehf>	<extractionTechnique>	"Infobox Extractor"
<id_1aq7dl5_115_pd3ehf>	<id_jn0juv_1oq_zik27b>	<extractionSource>	<http://de.wikipedia.org/wiki/Argon>
	<id_1aq7dl5_115_pd3ehf>	<extractionTechnique>	"Infobox Extractor"
<id_b39d44_115_pd3ehf>	<id_jn0juv_1ik_1pnqdpz>	<extractionSource>	<http://de.wikipedia.org/wiki/Argon>
	<id_b39d44_115_pd3ehf>	<extractionTechnique>	"Infobox Extractor"
<id_hsbbfq_115_pd3ehf>	<id_jn0juv_sx1_1njtjse>	<extractionSource>	<http://de.wikipedia.org/wiki/Argon>
	<id_hsbbfq_115_pd3ehf>	<extractionTechnique>	"Infobox Extractor"
<id_hdt231_115_pd3ehf>	<id_jn0juv_sx1_1o1hmfj>	<extractionSource>	<http://de.wikipedia.org/wiki/Argon>
	<id_hdt231_115_pd3ehf>	<extractionTechnique>	"Infobox Extractor"
<id_1qkk4vs_115_pd3ehf>	<id_jn0juv_sx1_zjhsuc>	<extractionSource>	<http://de.wikipedia.org/wiki/Argon>
	<id_1qkk4vs_115_pd3ehf>	<extractionTechnique>	"Infobox Extractor"
<id_1sodl6g_115_pd3ehf>	<id_jn0juv_1ts_18e56p4>	<extractionSource>	<http://de.wikipedia.org/wiki/Argon>
	<id_1sodl6g_115_pd3ehf>	<extractionTechnique>	"Infobox Extractor"
<id_1ymsype_115_pd3ehf>	<id_jn0juv_1k5_zil2if>	<extractionSource>	<http://de.wikipedia.org/wiki/Argon>
	<id_1ymsype_115_pd3ehf>	<extractionTechnique>	"Infobox Extractor"
<id_1x5as1q_115_pd3ehf>	<id_jn0juv_17o_8lcfrg>	<extractionSource>	<http://de.wikipedia.org/wiki/Argon>
	<id_1x5as1q_115_pd3ehf>	<extractionTechnique>	"Infobox Extractor"
<id_1o4te6v_115_pd3ehf>	<id_jn0juv_1bj_8c471x>	<extractionSource>	<http://de.wikipedia.org/wiki/Argon>
	<id_1o4te6v_115_pd3ehf>	<extractionTechnique>	"Infobox Extractor"
<id_1u3s33q_115_pd3ehf>	<id_jn0juv_1ki_c6hbyv>	<extractionSource>	<http://de.wikipedia.org/wiki/Argon>
	<id_1u3s33q_115_pd3ehf>	<extractionTechnique>	"Infobox Extractor"
<id_1h0kb25_115_pd3ehf>	<id_jn0juv_1xz_12yfmnt>	<extractionSource>	<http://de.wikipedia.org/wiki/Argon>
	<id_1h0kb25_115_pd3ehf>	<extractionTechnique>	"Infobox Extractor"
<id_no09o2_115_pd3ehf>	<id_jn0juv_17o_10kdn6d>	<extractionSource>	<http://de.wikipedia.org/wiki/Argon>
	<id_no09o2_115_pd3ehf>	<extractionTechnique>	"Infobox Extractor"
<id_vpukob_115_pd3ehf>	<id_jn0juv_4ro_zik27b>	<extractionSource>	<http://de.wikipedia.org/wiki/Argon>
	<id_vpukob_115_pd3ehf>	<extractionTechnique>	"Infobox Extractor"
<id_1b5t1xg_115_pd3ehf>	<id_jn0juv_1ik_mv7rkc>	<extractionSource>	<http://de.wikipedia.org/wiki/Argon>
	<id_1b5t1xg_115_pd3ehf>	<extractionTechnique>	"Infobox Extractor"
<id_3a8v9b_115_pd3ehf>	<id_jn0juv_jvg_zik10z>	<extractionSource>	<http://de.wikipedia.org/wiki/Argon>
	<id_3a8v9b_115_pd3ehf>	<extractionTechnique>	"Infobox Extractor"
<id_9j339c_115_pd3ehf>	<id_jn0juv_1ik_1melais>	<extractionSource>	<http://de.wikipedia.org/wiki/Argon>
	<id_9j339c_115_pd3ehf>	<extractionTechnique>	"Infobox Extractor"
<id_6ksaor_115_pd3ehf>	<id_jn0juv_e5r_zil3f2>	<extractionSource>	<http://de.wikipedia.org/wiki/Argon>
	<id_6ksaor_115_pd3ehf>	<extractionTechnique>	"Infobox Extractor"
<id_4xryr6_115_pd3ehf>	<id_jn0juv_1gi_1o32wp0>	<extractionSource>	<http://de.wikipedia.org/wiki/Argon>
	<id_4xryr6_115_pd3ehf>	<extractionTechnique>	"Infobox Extractor"
<id_1dx8zbq_115_pd3ehf>	<id_jn0juv_1ik_soqdz9>	<extractionSource>	<http://de.wikipedia.org/wiki/Argon>
	<id_1dx8zbq_115_pd3ehf>	<extractionTechnique>	"Infobox Extractor"
<id_n5yhdp_115_pd3ehf>	<id_jn0juv_1n4_zil40r>	<extractionSource>	<http://de.wikipedia.org/wiki/Argon>
	<id_n5yhdp_115_pd3ehf>	<extractionTechnique>	"Infobox Extractor"
<id_paoqjh_115_pd3ehf>	<id_jn0juv_13i_1a4zd47>	<extractionSource>	<http://de.wikipedia.org/wiki/Argon>
	<id_paoqjh_115_pd3ehf>	<extractionTechnique>	"Infobox Extractor"
<id_1b00vzo_115_pd3ehf>	<id_jn0juv_13i_zjkv5z>	<extractionSource>	<http://de.wikipedia.org/wiki/Argon>
	<id_1b00vzo_115_pd3ehf>	<extractionTechnique>	"Infobox Extractor"
<id_11agi27_115_pd3ehf>	<id_jn0juv_1tl_zjg96q>	<extractionSource>	<http://de.wikipedia.org/wiki/Argon>
	<id_11agi27_115_pd3ehf>	<extractionTechnique>	"Infobox Extractor"
<id_2c7lvo_115_pd3ehf>	<id_jn0juv_4fd_zik2pu>	<extractionSource>	<http://de.wikipedia.org/wiki/Argon>
	<id_2c7lvo_115_pd3ehf>	<extractionTechnique>	"Infobox Extractor"
<id_1ckkxrs_115_pd3ehf>	<id_jn0juv_138_13taaal>	<extractionSource>	<http://de.wikipedia.org/wiki/Argon>
	<id_1ckkxrs_115_pd3ehf>	<extractionTechnique>	"Infobox Extractor"
<id_1hk9rto_115_pd3ehf>	<id_jn0juv_138_vtzu1o>	<extractionSource>	<http://de.wikipedia.org/wiki/Argon>
	<id_1hk9rto_115_pd3ehf>	<extractionTechnique>	"Infobox Extractor"
<id_1qz7tin_115_pd3ehf>	<id_jn0juv_1ui_zik2mp>	<extractionSource>	<http://de.wikipedia.org/wiki/Argon>
	<id_1qz7tin_115_pd3ehf>	<extractionTechnique>	"Infobox Extractor"
<id_9y8uvm_115_pd3ehf>	<id_jn0juv_145_zil2pd>	<extractionSource>	<http://de.wikipedia.org/wiki/Argon>
	<id_9y8uvm_115_pd3ehf>	<extractionTechnique>	"Infobox Extractor"
<id_xocgxz_115_pd3ehf>	<id_jn0juv_1dc_fos0tj>	<extractionSource>	<http://de.wikipedia.org/wiki/Argon>
	<id_xocgxz_115_pd3ehf>	<extractionTechnique>	"Infobox Extractor"
<id_og3nzi_115_pd3ehf>	<id_jn0juv_gl2_1fbr29h>	<extractionSource>	<http://de.wikipedia.org/wiki/Argon>
	<id_og3nzi_115_pd3ehf>	<extractionTechnique>	"Infobox Extractor"
<id_1xett8e_115_pd3n55>	<id_jn0sil_141_zkfbds>	<extractionSource>	<http://de.wikipedia.org/wiki/Arsen>
	<id_1xett8e_115_pd3n55>	<extractionTechnique>	"Infobox Extractor"
<id_5p595_115_pd3n55>	<id_jn0sil_1co_1pq1nwt>	<extractionSource>	<http://de.wikipedia.org/wiki/Arsen>
	<id_5p595_115_pd3n55>	<extractionTechnique>	"Infobox Extractor"
<id_1u0d9du_115_pd3n55>	<id_jn0sil_jpx_zil2j9>	<extractionSource>	<http://de.wikipedia.org/wiki/Arsen>
	<id_1u0d9du_115_pd3n55>	<extractionTechnique>	"Infobox Extractor"
<id_58k6rp_115_pd3n55>	<id_jn0sil_1pm_zil2j8>	<extractionSource>	<http://de.wikipedia.org/wiki/Arsen>
	<id_58k6rp_115_pd3n55>	<extractionTechnique>	"Infobox Extractor"
<id_1h2rk5v_115_pd3n55>	<id_jn0sil_1s2_gzgzh5>	<extractionSource>	<http://de.wikipedia.org/wiki/Arsen>
	<id_1h2rk5v_115_pd3n55>	<extractionTechnique>	"Infobox Extractor"
<id_1mi7edb_115_pd3n55>	<id_jn0sil_pdw_13is646>	<extractionSource>	<http://de.wikipedia.org/wiki/Arsen>
	<id_1mi7edb_115_pd3n55>	<extractionTechnique>	"Infobox Extractor"
<id_183y9rj_115_pd3n55>	<id_jn0sil_465_zik12o>	<extractionSource>	<http://de.wikipedia.org/wiki/Arsen>
	<id_183y9rj_115_pd3n55>	<extractionTechnique>	"Infobox Extractor"
<id_13dcajy_115_pd3n55>	<id_jn0sil_akn_11nc35q>	<extractionSource>	<http://de.wikipedia.org/wiki/Arsen>
	<id_13dcajy_115_pd3n55>	<extractionTechnique>	"Infobox Extractor"
<id_10cqyi4_115_pd3n55>	<id_jn0sil_1n6_1tjfa23>	<extractionSource>	<http://de.wikipedia.org/wiki/Arsen>
	<id_10cqyi4_115_pd3n55>	<extractionTechnique>	"Infobox Extractor"
<id_1egrjgq_115_pd3n55>	<id_jn0sil_1uu_1yb7wyh>	<extractionSource>	<http://de.wikipedia.org/wiki/Arsen>
	<id_1egrjgq_115_pd3n55>	<extractionTechnique>	"Infobox Extractor"
<id_vamkir_115_pd3n55>	<id_jn0sil_4vr_zjgw69>	<extractionSource>	<http://de.wikipedia.org/wiki/Arsen>
	<id_vamkir_115_pd3n55>	<extractionTechnique>	"Infobox Extractor"
<id_1excbau_115_pd3n55>	<id_jn0sil_11u_1iii8du>	<extractionSource>	<http://de.wikipedia.org/wiki/Arsen>
	<id_1excbau_115_pd3n55>	<extractionTechnique>	"Infobox Extractor"
<id_j29dhc_115_pd3n55>	<id_jn0sil_akn_hmogne>	<extractionSource>	<http://de.wikipedia.org/wiki/Arsen>
	<id_j29dhc_115_pd3n55>	<extractionTechnique>	"Infobox Extractor"
<id_oja6l6_115_pd3n55>	<id_jn0sil_bpl_nh5f63>	<extractionSource>	<http://de.wikipedia.org/wiki/Arsen>
	<id_oja6l6_115_pd3n55>	<extractionTechnique>	"Infobox Extractor"
<id_i3uu35_115_pd3n55>	<id_jn0sil_1rs_17zbuck>	<extractionSource>	<http://de.wikipedia.org/wiki/Arsen>
	<id_i3uu35_115_pd3n55>	<extractionTechnique>	"Infobox Extractor"
<id_37wl3n_115_pd3n55>	<id_jn0sil_pa3_1yq5m2r>	<extractionSource>	<http://de.wikipedia.org/wiki/Arsen>
	<id_37wl3n_115_pd3n55>	<extractionTechnique>	"Infobox Extractor"
<id_8cxbn8_115_pd3n55>	<id_jn0sil_1oq_zik278>	<extractionSource>	<http://de.wikipedia.org/wiki/Arsen>
	<id_8cxbn8_115_pd3n55>	<extractionTechnique>	"Infobox Extractor"
<id_6yrp_115_pd3n55>	<id_jn0sil_1ik_12zizxp>	<extractionSource>	<http://de.wikipedia.org/wiki/Arsen>
	<id_6yrp_115_pd3n55>	<extractionTechnique>	"Infobox Extractor"
<id_o797j8_115_pd3n55>	<id_jn0sil_sx1_zjghj9>	<extractionSource>	<http://de.wikipedia.org/wiki/Arsen>
	<id_o797j8_115_pd3n55>	<extractionTechnique>	"Infobox Extractor"
<id_o78ruu_115_pd3n55>	<id_jn0sil_sx1_zjh4dj>	<extractionSource>	<http://de.wikipedia.org/wiki/Arsen>
	<id_o78ruu_115_pd3n55>	<extractionTechnique>	"Infobox Extractor"
<id_o7aeqp_115_pd3n55>	<id_jn0sil_sx1_zjif3c>	<extractionSource>	<http://de.wikipedia.org/wiki/Arsen>
	<id_o7aeqp_115_pd3n55>	<extractionTechnique>	"Infobox Extractor"
<id_o7b4qz_115_pd3n55>	<id_jn0sil_sx1_zjjj5l>	<extractionSource>	<http://de.wikipedia.org/wiki/Arsen>
	<id_o7b4qz_115_pd3n55>	<extractionTechnique>	"Infobox Extractor"
<id_6g1rgc_115_pd3n55>	<id_jn0sil_sx1_10euo00>	<extractionSource>	<http://de.wikipedia.org/wiki/Arsen>
	<id_6g1rgc_115_pd3n55>	<extractionTechnique>	"Infobox Extractor"
<id_vax5y7_115_pd3n55>	<id_jn0sil_1ts_1c1872s>	<extractionSource>	<http://de.wikipedia.org/wiki/Arsen>
	<id_vax5y7_115_pd3n55>	<extractionTechnique>	"Infobox Extractor"
<id_w9iwtg_115_pd3n55>	<id_jn0sil_1k5_zil2jd>	<extractionSource>	<http://de.wikipedia.org/wiki/Arsen>
	<id_w9iwtg_115_pd3n55>	<extractionTechnique>	"Infobox Extractor"
<id_1eagvej_115_pd3n55>	<id_jn0sil_17o_at6gsc>	<extractionSource>	<http://de.wikipedia.org/wiki/Arsen>
	<id_1eagvej_115_pd3n55>	<extractionTechnique>	"Infobox Extractor"
<id_dlt9kb_115_pd3n55>	<id_jn0sil_1bj_1vlz3pr>	<extractionSource>	<http://de.wikipedia.org/wiki/Arsen>
	<id_dlt9kb_115_pd3n55>	<extractionTechnique>	"Infobox Extractor"
<id_7qc9wr_115_pd3n55>	<id_jn0sil_1ki_1htdhl7>	<extractionSource>	<http://de.wikipedia.org/wiki/Arsen>
	<id_7qc9wr_115_pd3n55>	<extractionTechnique>	"Infobox Extractor"
<id_j1ss2k_115_pd3n55>	<id_jn0sil_1eg_zik10z>	<extractionSource>	<http://de.wikipedia.org/wiki/Arsen>
	<id_j1ss2k_115_pd3n55>	<extractionTechnique>	"Infobox Extractor"
<id_1q1ty91_115_pd3n55>	<id_jn0sil_e6w_1fy67g1>	<extractionSource>	<http://de.wikipedia.org/wiki/Arsen>
	<id_1q1ty91_115_pd3n55>	<extractionTechnique>	"Infobox Extractor"
<id_1oh3m8x_115_pd3n55>	<id_jn0sil_1xz_h6zotu>	<extractionSource>	<http://de.wikipedia.org/wiki/Arsen>
	<id_1oh3m8x_115_pd3n55>	<extractionTechnique>	"Infobox Extractor"
<id_15r9rg5_115_pd3n55>	<id_jn0sil_17o_10kdvu3>	<extractionSource>	<http://de.wikipedia.org/wiki/Arsen>
	<id_15r9rg5_115_pd3n55>	<extractionTechnique>	"Infobox Extractor"
<id_k8sdds_115_pd3n55>	<id_jn0sil_2sb_wy7gts>	<extractionSource>	<http://de.wikipedia.org/wiki/Arsen>
	<id_k8sdds_115_pd3n55>	<extractionTechnique>	"Infobox Extractor"
<id_1sdoks4_115_pd3n55>	<id_jn0sil_4ro_zik28w>	<extractionSource>	<http://de.wikipedia.org/wiki/Arsen>
	<id_1sdoks4_115_pd3n55>	<extractionTechnique>	"Infobox Extractor"
<id_utqvdc_115_pd3n55>	<id_jn0sil_3sn_130dhs3>	<extractionSource>	<http://de.wikipedia.org/wiki/Arsen>
	<id_utqvdc_115_pd3n55>	<extractionTechnique>	"Infobox Extractor"
<id_iw4b91_115_pd3n55>	<id_jn0sil_4di_kw3y5a>	<extractionSource>	<http://de.wikipedia.org/wiki/Arsen>
	<id_iw4b91_115_pd3n55>	<extractionTechnique>	"Infobox Extractor"
<id_qg5ycp_115_pd3n55>	<id_jn0sil_1ik_1juub6s>	<extractionSource>	<http://de.wikipedia.org/wiki/Arsen>
	<id_qg5ycp_115_pd3n55>	<extractionTechnique>	"Infobox Extractor"
<id_zy2vah_115_pd3n55>	<id_jn0sil_jvg_zik110>	<extractionSource>	<http://de.wikipedia.org/wiki/Arsen>
	<id_zy2vah_115_pd3n55>	<extractionTechnique>	"Infobox Extractor"
<id_34cf1j_115_pd3n55>	<id_jn0sil_1gz_n145of>	<extractionSource>	<http://de.wikipedia.org/wiki/Arsen>
	<id_34cf1j_115_pd3n55>	<extractionTechnique>	"Infobox Extractor"
<id_pu1a6p_115_pd3n55>	<id_jn0sil_wfi_n145of>	<extractionSource>	<http://de.wikipedia.org/wiki/Arsen>
	<id_pu1a6p_115_pd3n55>	<extractionTechnique>	"Infobox Extractor"
<id_l5fyoh_115_pd3n55>	<id_jn0sil_1ik_1a1ycvy>	<extractionSource>	<http://de.wikipedia.org/wiki/Arsen>
	<id_l5fyoh_115_pd3n55>	<extractionTechnique>	"Infobox Extractor"
<id_by844e_115_pd3n55>	<id_jn0sil_1ik_tl0zut>	<extractionSource>	<http://de.wikipedia.org/wiki/Arsen>
	<id_by844e_115_pd3n55>	<extractionTechnique>	"Infobox Extractor"
<id_1xyb1fb_115_pd3n55>	<id_jn0sil_1tl_zjh47k>	<extractionSource>	<http://de.wikipedia.org/wiki/Arsen>
	<id_1xyb1fb_115_pd3n55>	<extractionTechnique>	"Infobox Extractor"
<id_z01m0d_115_pd3n55>	<id_jn0sil_4fd_zik2sl>	<extractionSource>	<http://de.wikipedia.org/wiki/Arsen>
	<id_z01m0d_115_pd3n55>	<extractionTechnique>	"Infobox Extractor"
<id_2u2gv2_115_pd3n55>	<id_jn0sil_165_10bin7m>	<extractionSource>	<http://de.wikipedia.org/wiki/Arsen>
	<id_2u2gv2_115_pd3n55>	<extractionTechnique>	"Infobox Extractor"
<id_7dj55b_115_pd3n55>	<id_jn0sil_18x_zil68o>	<extractionSource>	<http://de.wikipedia.org/wiki/Arsen>
	<id_7dj55b_115_pd3n55>	<extractionTechnique>	"Infobox Extractor"
<id_7dj7co_115_pd3n55>	<id_jn0sil_18x_zil7w6>	<extractionSource>	<http://de.wikipedia.org/wiki/Arsen>
	<id_7dj7co_115_pd3n55>	<extractionTechnique>	"Infobox Extractor"
<id_olxrlx_115_pd3n55>	<id_jn0sil_1ui_zik2mq>	<extractionSource>	<http://de.wikipedia.org/wiki/Arsen>
	<id_olxrlx_115_pd3n55>	<extractionTechnique>	"Infobox Extractor"
<id_16m2uxw_115_pd3n55>	<id_jn0sil_145_zil2pa>	<extractionSource>	<http://de.wikipedia.org/wiki/Arsen>
	<id_16m2uxw_115_pd3n55>	<extractionTechnique>	"Infobox Extractor"
<id_182s6iv_115_pd3n55>	<id_jn0sil_1dc_184xjiq>	<extractionSource>	<http://de.wikipedia.org/wiki/Arsen>
	<id_182s6iv_115_pd3n55>	<extractionTechnique>	"Infobox Extractor"
<id_oj0uua_115_pd3n55>	<id_jn0sil_gl2_zik2aj>	<extractionSource>	<http://de.wikipedia.org/wiki/Arsen>
	<id_oj0uua_115_pd3n55>	<extractionTechnique>	"Infobox Extractor"
<id_1s3jm1r_115_pd3n55>	<id_jn0sil_awl_19xgw3l>	<extractionSource>	<http://de.wikipedia.org/wiki/Arsen>
	<id_1s3jm1r_115_pd3n55>	<extractionTechnique>	"Infobox Extractor"
<id_15wfg26_115_pd3n55>	<id_jn0sil_17o_10tpr20>	<extractionSource>	<http://de.wikipedia.org/wiki/Arsen>
	<id_15wfg26_115_pd3n55>	<extractionTechnique>	"Infobox Extractor"
<id_gjk7bt_115_pd4as3>	<id_jn1g5j_141_zkfbds>	<extractionSource>	<http://de.wikipedia.org/wiki/Astat>
	<id_gjk7bt_115_pd4as3>	<extractionTechnique>	"Infobox Extractor"
<id_bgnlig_115_pd4as3>	<id_jn1g5j_1co_6x4n7u>	<extractionSource>	<http://de.wikipedia.org/wiki/Astat>
	<id_bgnlig_115_pd4as3>	<extractionTechnique>	"Infobox Extractor"
<id_neemv1_115_pd4as3>	<id_jn1g5j_1pm_zil2k6>	<extractionSource>	<http://de.wikipedia.org/wiki/Astat>
	<id_neemv1_115_pd4as3>	<extractionTechnique>	"Infobox Extractor"
<id_1pjhp0s_115_pd4as3>	<id_jn1g5j_1s2_1pl7c9g>	<extractionSource>	<http://de.wikipedia.org/wiki/Astat>
	<id_1pjhp0s_115_pd4as3>	<extractionTechnique>	"Infobox Extractor"
<id_1q9spu2_115_pd4as3>	<id_jn1g5j_465_zik12o>	<extractionSource>	<http://de.wikipedia.org/wiki/Astat>
	<id_1q9spu2_115_pd4as3>	<extractionTechnique>	"Infobox Extractor"
<id_y5owna_115_pd4as3>	<id_jn1g5j_akn_11ne04h>	<extractionSource>	<http://de.wikipedia.org/wiki/Astat>
	<id_y5owna_115_pd4as3>	<extractionTechnique>	"Infobox Extractor"
<id_1dfz0iv_115_pd4as3>	<id_jn1g5j_4vr_zil35k>	<extractionSource>	<http://de.wikipedia.org/wiki/Astat>
	<id_1dfz0iv_115_pd4as3>	<extractionTechnique>	"Infobox Extractor"
<id_2ljito_115_pd4as3>	<id_jn1g5j_11u_rrf3ir>	<extractionSource>	<http://de.wikipedia.org/wiki/Astat>
	<id_2ljito_115_pd4as3>	<extractionTechnique>	"Infobox Extractor"
<id_1183tnp_115_pd4as3>	<id_jn1g5j_akn_hmoi4s>	<extractionSource>	<http://de.wikipedia.org/wiki/Astat>
	<id_1183tnp_115_pd4as3>	<extractionTechnique>	"Infobox Extractor"
<id_1b7zhdg_115_pd4as3>	<id_jn1g5j_bpl_wwyb9w>	<extractionSource>	<http://de.wikipedia.org/wiki/Astat>
	<id_1b7zhdg_115_pd4as3>	<extractionTechnique>	"Infobox Extractor"
<id_1pdsod6_115_pd4as3>	<id_jn1g5j_1rs_qqiyc4>	<extractionSource>	<http://de.wikipedia.org/wiki/Astat>
	<id_1pdsod6_115_pd4as3>	<extractionTechnique>	"Infobox Extractor"
<id_qirrqw_115_pd4as3>	<id_jn1g5j_1oq_zik27a>	<extractionSource>	<http://de.wikipedia.org/wiki/Astat>
	<id_qirrqw_115_pd4as3>	<extractionTechnique>	"Infobox Extractor"
<id_ujmn5t_115_pd4as3>	<id_jn1g5j_1ik_fm3jw>	<extractionSource>	<http://de.wikipedia.org/wiki/Astat>
	<id_ujmn5t_115_pd4as3>	<extractionTechnique>	"Infobox Extractor"
<id_16cm2cc_115_pd4as3>	<id_jn1g5j_sx1_zil8hj>	<extractionSource>	<http://de.wikipedia.org/wiki/Astat>
	<id_16cm2cc_115_pd4as3>	<extractionTechnique>	"Infobox Extractor"
<id_5xaay9_115_pd4as3>	<id_jn1g5j_1ts_16zkof9>	<extractionSource>	<http://de.wikipedia.org/wiki/Astat>
	<id_5xaay9_115_pd4as3>	<extractionTechnique>	"Infobox Extractor"
<id_1efdcyr_115_pd4as3>	<id_jn1g5j_1k5_zil2mk>	<extractionSource>	<http://de.wikipedia.org/wiki/Astat>
	<id_1efdcyr_115_pd4as3>	<extractionTechnique>	"Infobox Extractor"
<id_1e6ep2a_115_pd4as3>	<id_jn1g5j_1ki_junbnu>	<extractionSource>	<http://de.wikipedia.org/wiki/Astat>
	<id_1e6ep2a_115_pd4as3>	<extractionTechnique>	"Infobox Extractor"
<id_cjliea_115_pd4as3>	<id_jn1g5j_zrr_zil39t>	<extractionSource>	<http://de.wikipedia.org/wiki/Astat>
	<id_cjliea_115_pd4as3>	<extractionTechnique>	"Infobox Extractor"
<id_10jljlk_115_pd4as3>	<id_jn1g5j_17o_10kejh1>	<extractionSource>	<http://de.wikipedia.org/wiki/Astat>
	<id_10jljlk_115_pd4as3>	<extractionTechnique>	"Infobox Extractor"
<id_biezvp_115_pd4as3>	<id_jn1g5j_4ro_zik2d9>	<extractionSource>	<http://de.wikipedia.org/wiki/Astat>
	<id_biezvp_115_pd4as3>	<extractionTechnique>	"Infobox Extractor"
<id_oyhvme_115_pd4as3>	<id_jn1g5j_3sn_10bht4x>	<extractionSource>	<http://de.wikipedia.org/wiki/Astat>
	<id_oyhvme_115_pd4as3>	<extractionTechnique>	"Infobox Extractor"
<id_gxeeg8_115_pd4as3>	<id_jn1g5j_1ik_1at7344>	<extractionSource>	<http://de.wikipedia.org/wiki/Astat>
	<id_gxeeg8_115_pd4as3>	<extractionTechnique>	"Infobox Extractor"
<id_1i3xbd2_115_pd4as3>	<id_jn1g5j_jvg_zik112>	<extractionSource>	<http://de.wikipedia.org/wiki/Astat>
	<id_1i3xbd2_115_pd4as3>	<extractionTechnique>	"Infobox Extractor"
<id_ruhvax_115_pd4as3>	<id_jn1g5j_1gz_zik2x4>	<extractionSource>	<http://de.wikipedia.org/wiki/Astat>
	<id_ruhvax_115_pd4as3>	<extractionTechnique>	"Infobox Extractor"
<id_1ek6qg3_115_pd4as3>	<id_jn1g5j_wfi_zik2x4>	<extractionSource>	<http://de.wikipedia.org/wiki/Astat>
	<id_1ek6qg3_115_pd4as3>	<extractionTechnique>	"Infobox Extractor"
<id_mens32_115_pd4as3>	<id_jn1g5j_1ik_1melc06>	<extractionSource>	<http://de.wikipedia.org/wiki/Astat>
	<id_mens32_115_pd4as3>	<extractionTechnique>	"Infobox Extractor"
<id_1hf9qhh_115_pd4as3>	<id_jn1g5j_d6d_zik2tz>	<extractionSource>	<http://de.wikipedia.org/wiki/Astat>
	<id_1hf9qhh_115_pd4as3>	<extractionTechnique>	"Infobox Extractor"
<id_tptek0_115_pd4as3>	<id_jn1g5j_1ik_soqfgn>	<extractionSource>	<http://de.wikipedia.org/wiki/Astat>
	<id_tptek0_115_pd4as3>	<extractionTechnique>	"Infobox Extractor"
<id_qs0si8_115_pd4as3>	<id_jn1g5j_13i_zil3zp>	<extractionSource>	<http://de.wikipedia.org/wiki/Astat>
	<id_qs0si8_115_pd4as3>	<extractionTechnique>	"Infobox Extractor"
<id_qs0tnp_115_pd4as3>	<id_jn1g5j_13i_zil5n7>	<extractionSource>	<http://de.wikipedia.org/wiki/Astat>
	<id_qs0tnp_115_pd4as3>	<extractionTechnique>	"Infobox Extractor"
<id_1xn4srz_115_pd4as3>	<id_jn1g5j_1tl_112qkdi>	<extractionSource>	<http://de.wikipedia.org/wiki/Astat>
	<id_1xn4srz_115_pd4as3>	<extractionTechnique>	"Infobox Extractor"
<id_1h5w21h_115_pd4as3>	<id_jn1g5j_4fd_zik2s9>	<extractionSource>	<http://de.wikipedia.org/wiki/Astat>
	<id_1h5w21h_115_pd4as3>	<extractionTechnique>	"Infobox Extractor"
<id_16rs7oh_115_pd4as3>	<id_jn1g5j_1ui_zik2mr>	<extractionSource>	<http://de.wikipedia.org/wiki/Astat>
	<id_16rs7oh_115_pd4as3>	<extractionTechnique>	"Infobox Extractor"
<id_1orxaee_115_pd4as3>	<id_jn1g5j_145_zil390>	<extractionSource>	<http://de.wikipedia.org/wiki/Astat>
	<id_1orxaee_115_pd4as3>	<extractionTechnique>	"Infobox Extractor"
<id_1ulbx6f_115_pd4as3>	<id_jn1g5j_1dc_1qej5ce>	<extractionSource>	<http://de.wikipedia.org/wiki/Astat>
	<id_1ulbx6f_115_pd4as3>	<extractionTechnique>	"Infobox Extractor"
<id_16ov90c_115_pd4as3>	<id_jn1g5j_gl2_zik10y>	<extractionSource>	<http://de.wikipedia.org/wiki/Astat>
	<id_16ov90c_115_pd4as3>	<extractionTechnique>	"Infobox Extractor"
<id_1nu84a9_115_mebnfk>	<id_10d55g4_1oq_zik2mk>	<extractionSource>	<http://de.wikipedia.org/wiki/Alkalimetalle>
	<id_1nu84a9_115_mebnfk>	<extractionTechnique>	"Infobox Extractor"
<id_q0yiqp_115_mebnfk>	<id_10d55g4_101_y2lfqa>	<extractionSource>	<http://de.wikipedia.org/wiki/Alkalimetalle>
	<id_q0yiqp_115_mebnfk>	<extractionTechnique>	"Infobox Extractor"
<id_ltljvf_115_mebnfk>	<id_10d55g4_101_nte2i3>	<extractionSource>	<http://de.wikipedia.org/wiki/Alkalimetalle>
	<id_ltljvf_115_mebnfk>	<extractionTechnique>	"Infobox Extractor"
<id_1qmmc55_115_mebnfk>	<id_10d55g4_101_1p2lw0i>	<extractionSource>	<http://de.wikipedia.org/wiki/Alkalimetalle>
	<id_1qmmc55_115_mebnfk>	<extractionTechnique>	"Infobox Extractor"
<id_109s02k_115_1dwasxc>	<id_17detes_1oq_zik11d>	<extractionSource>	<http://de.wikipedia.org/wiki/Actinoide>
	<id_109s02k_115_1dwasxc>	<extractionTechnique>	"Infobox Extractor"
<id_dsnzqs_115_1dwasxc>	<id_17detes_101_w362a>	<extractionSource>	<http://de.wikipedia.org/wiki/Actinoide>
	<id_dsnzqs_115_1dwasxc>	<extractionTechnique>	"Infobox Extractor"
<id_d0wpm7_115_1dwasxc>	<id_17detes_101_1276f53>	<extractionSource>	<http://de.wikipedia.org/wiki/Actinoide>
	<id_d0wpm7_115_1dwasxc>	<extractionTechnique>	"Infobox Extractor"
<id_1xa9jte_115_1dwasxc>	<id_17detes_101_nte2i3>	<extractionSource>	<http://de.wikipedia.org/wiki/Actinoide>
	<id_1xa9jte_115_1dwasxc>	<extractionTechnique>	"Infobox Extractor"
<id_vwizvv_115_1f3x7d8>	<id_18l17uo_141_zkfbds>	<extractionSource>	<http://de.wikipedia.org/wiki/Americium>
	<id_vwizvv_115_1f3x7d8>	<extractionTechnique>	"Infobox Extractor"
<id_1l2b2i7_115_1f3x7d8>	<id_18l17uo_1co_vt60yp>	<extractionSource>	<http://de.wikipedia.org/wiki/Americium>
	<id_1l2b2i7_115_1f3x7d8>	<extractionTechnique>	"Infobox Extractor"
<id_si2g6h_115_1f3x7d8>	<id_18l17uo_jpx_zil2p9>	<extractionSource>	<http://de.wikipedia.org/wiki/Americium>
	<id_si2g6h_115_1f3x7d8>	<extractionTechnique>	"Infobox Extractor"
<id_bl81xj_115_1f3x7d8>	<id_18l17uo_1s2_13imay2>	<extractionSource>	<http://de.wikipedia.org/wiki/Americium>
	<id_bl81xj_115_1f3x7d8>	<extractionTechnique>	"Infobox Extractor"
<id_6lngeq_115_1f3x7d8>	<id_18l17uo_465_zik12e>	<extractionSource>	<http://de.wikipedia.org/wiki/Americium>
	<id_6lngeq_115_1f3x7d8>	<extractionTechnique>	"Infobox Extractor"
<id_d3tvr3_115_1f3x7d8>	<id_18l17uo_akn_11nc0xu>	<extractionSource>	<http://de.wikipedia.org/wiki/Americium>
	<id_d3tvr3_115_1f3x7d8>	<extractionTechnique>	"Infobox Extractor"
<id_3pn5jy_115_1f3x7d8>	<id_18l17uo_1n6_1fzsmr5>	<extractionSource>	<http://de.wikipedia.org/wiki/Americium>
	<id_3pn5jy_115_1f3x7d8>	<extractionTechnique>	"Infobox Extractor"
<id_1ood63x_115_1f3x7d8>	<id_18l17uo_1uu_10agb95>	<extractionSource>	<http://de.wikipedia.org/wiki/Americium>
	<id_1ood63x_115_1f3x7d8>	<extractionTechnique>	"Infobox Extractor"
<id_1ssxthw_115_1f3x7d8>	<id_18l17uo_4vr_zil2ew>	<extractionSource>	<http://de.wikipedia.org/wiki/Americium>
	<id_1ssxthw_115_1f3x7d8>	<extractionTechnique>	"Infobox Extractor"
<id_7hfom_115_1f3x7d8>	<id_18l17uo_11u_176dxg1>	<extractionSource>	<http://de.wikipedia.org/wiki/Americium>
	<id_7hfom_115_1f3x7d8>	<extractionTechnique>	"Infobox Extractor"
<id_1gl2m7r_115_1f3x7d8>	<id_18l17uo_akn_hmoi4s>	<extractionSource>	<http://de.wikipedia.org/wiki/Americium>
	<id_1gl2m7r_115_1f3x7d8>	<extractionTechnique>	"Infobox Extractor"
<id_1qky9xi_115_1f3x7d8>	<id_18l17uo_bpl_wwyb9w>	<extractionSource>	<http://de.wikipedia.org/wiki/Americium>
	<id_1qky9xi_115_1f3x7d8>	<extractionTechnique>	"Infobox Extractor"
<id_5pney4_115_1f3x7d8>	<id_18l17uo_1rs_qqiyc4>	<extractionSource>	<http://de.wikipedia.org/wiki/Americium>
	<id_5pney4_115_1f3x7d8>	<extractionTechnique>	"Infobox Extractor"
<id_15vqllg_115_1f3x7d8>	<id_18l17uo_1oq_zik2ma>	<extractionSource>	<http://de.wikipedia.org/wiki/Americium>
	<id_15vqllg_115_1f3x7d8>	<extractionTechnique>	"Infobox Extractor"
<id_v1gsq7_115_1f3x7d8>	<id_18l17uo_1ik_fm3jw>	<extractionSource>	<http://de.wikipedia.org/wiki/Americium>
	<id_v1gsq7_115_1f3x7d8>	<extractionTechnique>	"Infobox Extractor"
<id_1lpkst8_115_1f3x7d8>	<id_18l17uo_sx1_zil5na>	<extractionSource>	<http://de.wikipedia.org/wiki/Americium>
	<id_1lpkst8_115_1f3x7d8>	<extractionTechnique>	"Infobox Extractor"
<id_6kaof6_115_1f3x7d8>	<id_18l17uo_1ts_1dv1cuo>	<extractionSource>	<http://de.wikipedia.org/wiki/Americium>
	<id_6kaof6_115_1f3x7d8>	<extractionTechnique>	"Infobox Extractor"
<id_1d5msbd_115_1f3x7d8>	<id_18l17uo_17o_1y0fbyb>	<extractionSource>	<http://de.wikipedia.org/wiki/Americium>
	<id_1d5msbd_115_1f3x7d8>	<extractionTechnique>	"Infobox Extractor"
<id_1l3mq0k_115_1f3x7d8>	<id_18l17uo_1bj_1u8piep>	<extractionSource>	<http://de.wikipedia.org/wiki/Americium>
	<id_1l3mq0k_115_1f3x7d8>	<extractionTechnique>	"Infobox Extractor"
<id_rwkby6_115_1f3x7d8>	<id_18l17uo_zrr_zil3ch>	<extractionSource>	<http://de.wikipedia.org/wiki/Americium>
	<id_rwkby6_115_1f3x7d8>	<extractionTechnique>	"Infobox Extractor"
<id_1wugcxk_115_1f3x7d8>	<id_18l17uo_1xz_1qbxjb>	<extractionSource>	<http://de.wikipedia.org/wiki/Americium>
	<id_1wugcxk_115_1f3x7d8>	<extractionTechnique>	"Infobox Extractor"
<id_1olgcv1_115_1f3x7d8>	<id_18l17uo_17o_23pki6>	<extractionSource>	<http://de.wikipedia.org/wiki/Americium>
	<id_1olgcv1_115_1f3x7d8>	<extractionTechnique>	"Infobox Extractor"
<id_1o7mbl8_115_1f3x7d8>	<id_18l17uo_2sb_1b8qknu>	<extractionSource>	<http://de.wikipedia.org/wiki/Americium>
	<id_1o7mbl8_115_1f3x7d8>	<extractionTechnique>	"Infobox Extractor"
<id_qvdsgh_115_1f3x7d8>	<id_18l17uo_4ro_zik2e4>	<extractionSource>	<http://de.wikipedia.org/wiki/Americium>
	<id_qvdsgh_115_1f3x7d8>	<extractionTechnique>	"Infobox Extractor"
<id_9dnkc2_115_1f3x7d8>	<id_18l17uo_3sn_60zp2e>	<extractionSource>	<http://de.wikipedia.org/wiki/Americium>
	<id_9dnkc2_115_1f3x7d8>	<extractionTechnique>	"Infobox Extractor"
<id_1uwonva_115_1f3x7d8>	<id_18l17uo_1ik_1at7344>	<extractionSource>	<http://de.wikipedia.org/wiki/Americium>
	<id_1uwonva_115_1f3x7d8>	<extractionTechnique>	"Infobox Extractor"
<id_1xgw3x5_115_1f3x7d8>	<id_18l17uo_jvg_zik113>	<extractionSource>	<http://de.wikipedia.org/wiki/Americium>
	<id_1xgw3x5_115_1f3x7d8>	<extractionTechnique>	"Infobox Extractor"
<id_177gnuz_115_1f3x7d8>	<id_18l17uo_1gz_zik2x4>	<extractionSource>	<http://de.wikipedia.org/wiki/Americium>
	<id_177gnuz_115_1f3x7d8>	<extractionTechnique>	"Infobox Extractor"
<id_1tx5j05_115_1f3x7d8>	<id_18l17uo_wfi_zik2x4>	<extractionSource>	<http://de.wikipedia.org/wiki/Americium>
	<id_1tx5j05_115_1f3x7d8>	<extractionTechnique>	"Infobox Extractor"
<id_1ctzj0_115_1f3x7d8>	<id_18l17uo_1ik_1melc06>	<extractionSource>	<http://de.wikipedia.org/wiki/Americium>
	<id_1ctzj0_115_1f3x7d8>	<extractionTechnique>	"Infobox Extractor"
<id_1ws8j1j_115_1f3x7d8>	<id_18l17uo_d6d_zik2tz>	<extractionSource>	<http://de.wikipedia.org/wiki/Americium>
	<id_1ws8j1j_115_1f3x7d8>	<extractionTechnique>	"Infobox Extractor"
<id_ub1lxk_115_1f3x7d8>	<id_18l17uo_y4f_1o32wp0>	<extractionSource>	<http://de.wikipedia.org/wiki/Americium>
	<id_ub1lxk_115_1f3x7d8>	<extractionTechnique>	"Infobox Extractor"
<id_1y5d7ld_115_1f3x7d8>	<id_18l17uo_1ch_zil3zn>	<extractionSource>	<http://de.wikipedia.org/wiki/Americium>
	<id_1y5d7ld_115_1f3x7d8>	<extractionTechnique>	"Infobox Extractor"
<id_192s742_115_1f3x7d8>	<id_18l17uo_1ik_soqfgn>	<extractionSource>	<http://de.wikipedia.org/wiki/Americium>
	<id_192s742_115_1f3x7d8>	<extractionTechnique>	"Infobox Extractor"
<id_165h5as_115_1f3x7d8>	<id_18l17uo_13i_zjgd1b>	<extractionSource>	<http://de.wikipedia.org/wiki/Americium>
	<id_165h5as_115_1f3x7d8>	<extractionTechnique>	"Infobox Extractor"
<id_165h6x2_115_1f3x7d8>	<id_18l17uo_13i_zjgf6w>	<extractionSource>	<http://de.wikipedia.org/wiki/Americium>
	<id_165h6x2_115_1f3x7d8>	<extractionTechnique>	"Infobox Extractor"
<id_wg0n1a_115_1f3x7d8>	<id_18l17uo_1tl_zjgezv>	<extractionSource>	<http://de.wikipedia.org/wiki/Americium>
	<id_wg0n1a_115_1f3x7d8>	<extractionTechnique>	"Infobox Extractor"
<id_1wiuuhh_115_1f3x7d8>	<id_18l17uo_4fd_zik2ma>	<extractionSource>	<http://de.wikipedia.org/wiki/Americium>
	<id_1wiuuhh_115_1f3x7d8>	<extractionTechnique>	"Infobox Extractor"
<id_1eg4oux_115_1f3x7d8>	<id_18l17uo_138_zjh3kb>	<extractionSource>	<http://de.wikipedia.org/wiki/Americium>
	<id_1eg4oux_115_1f3x7d8>	<extractionTechnique>	"Infobox Extractor"
<id_1vsygrs_115_1f3x7d8>	<id_18l17uo_138_1o2mdm1>	<extractionSource>	<http://de.wikipedia.org/wiki/Americium>
	<id_1vsygrs_115_1f3x7d8>	<extractionTechnique>	"Infobox Extractor"
<id_gd570d_115_1f3x7d8>	<id_18l17uo_165_zjfm70>	<extractionSource>	<http://de.wikipedia.org/wiki/Americium>
	<id_gd570d_115_1f3x7d8>	<extractionTechnique>	"Infobox Extractor"
<id_1m4r08c_115_1f3x7d8>	<id_18l17uo_1ui_zik2mk>	<extractionSource>	<http://de.wikipedia.org/wiki/Americium>
	<id_1m4r08c_115_1f3x7d8>	<extractionTechnique>	"Infobox Extractor"
<id_1i3envj_115_1f3x7d8>	<id_18l17uo_145_10ayum9>	<extractionSource>	<http://de.wikipedia.org/wiki/Americium>
	<id_1i3envj_115_1f3x7d8>	<extractionTechnique>	"Infobox Extractor"
<id_100ahzx_115_1f3x7d8>	<id_18l17uo_1dc_uv2wl6>	<extractionSource>	<http://de.wikipedia.org/wiki/Americium>
	<id_100ahzx_115_1f3x7d8>	<extractionTechnique>	"Infobox Extractor"
<id_1m1u2f6_115_1f3x7d8>	<id_18l17uo_gl2_zik273>	<extractionSource>	<http://de.wikipedia.org/wiki/Americium>
	<id_1m1u2f6_115_1f3x7d8>	<extractionTechnique>	"Infobox Extractor"
<id_6wcld3_115_1g8go25>	<id_180fbcl_1n4_1est999>	<extractionSource>	<http://de.wikipedia.org/wiki/Alexander_der_Gro%C3%9Fe>
	<id_6wcld3_115_1g8go25>	<extractionTechnique>	"Infobox Extractor"
<id_1h58iud_115_1g8go25>	<id_180fbcl_1cc_x8zxrv>	<extractionSource>	<http://de.wikipedia.org/wiki/Alexander_der_Gro%C3%9Fe>
	<id_1h58iud_115_1g8go25>	<extractionTechnique>	"Infobox Extractor"
<id_1x2ok3_115_1g8go25>	<id_180fbcl_rd0_1ci2l9q>	<extractionSource>	<http://de.wikipedia.org/wiki/Alexander_der_Gro%C3%9Fe>
	<id_1x2ok3_115_1g8go25>	<extractionTechnique>	"Infobox Extractor"
<id_1l2dgzg_115_1g8go25>	<id_180fbcl_168_5uadph>	<extractionSource>	<http://de.wikipedia.org/wiki/Alexander_der_Gro%C3%9Fe>
	<id_1l2dgzg_115_1g8go25>	<extractionTechnique>	"Infobox Extractor"
<id_1tffw8q_115_1g8go25>	<id_180fbcl_w86_39b6no>	<extractionSource>	<http://de.wikipedia.org/wiki/Alexander_der_Gro%C3%9Fe>
	<id_1tffw8q_115_1g8go25>	<extractionTechnique>	"Infobox Extractor"
<id_ggidhq_115_1g8go25>	<id_180fbcl_63l_1u6ril6>	<extractionSource>	<http://de.wikipedia.org/wiki/Alexander_der_Gro%C3%9Fe>
	<id_ggidhq_115_1g8go25>	<extractionTechnique>	"Infobox Extractor"
<id_10b6af8_115_1g8go25>	<id_180fbcl_4g0_13p43es>	<extractionSource>	<http://de.wikipedia.org/wiki/Alexander_der_Gro%C3%9Fe>
	<id_10b6af8_115_1g8go25>	<extractionTechnique>	"Infobox Extractor"
<id_17zlhvd_115_95esiu>	<id_gnbkoo_isf_1je0ow3>	<extractionSource>	<http://de.wikipedia.org/wiki/%C3%85ngstr%C3%B6m_%28Einheit%29>
	<id_17zlhvd_115_95esiu>	<extractionTechnique>	"Infobox Extractor"
<id_n9084w_115_95esiu>	<id_gnbkoo_1cz_1dqlhog>	<extractionSource>	<http://de.wikipedia.org/wiki/%C3%85ngstr%C3%B6m_%28Einheit%29>
	<id_n9084w_115_95esiu>	<extractionTechnique>	"Infobox Extractor"
<id_12sbk1h_115_95esiu>	<id_gnbkoo_z0k_ccy2c>	<extractionSource>	<http://de.wikipedia.org/wiki/%C3%85ngstr%C3%B6m_%28Einheit%29>
	<id_12sbk1h_115_95esiu>	<extractionTechnique>	"Infobox Extractor"
<id_vn97wo_115_95esiu>	<id_gnbkoo_gpv_tzd6a4>	<extractionSource>	<http://de.wikipedia.org/wiki/%C3%85ngstr%C3%B6m_%28Einheit%29>
	<id_vn97wo_115_95esiu>	<extractionTechnique>	"Infobox Extractor"
<id_2osdbe_115_95esiu>	<id_gnbkoo_12q_168ghrb>	<extractionSource>	<http://de.wikipedia.org/wiki/%C3%85ngstr%C3%B6m_%28Einheit%29>
	<id_2osdbe_115_95esiu>	<extractionTechnique>	"Infobox Extractor"
<id_3won5u_115_95esiu>	<id_gnbkoo_17o_1qkkywa>	<extractionSource>	<http://de.wikipedia.org/wiki/%C3%85ngstr%C3%B6m_%28Einheit%29>
	<id_3won5u_115_95esiu>	<extractionTechnique>	"Infobox Extractor"
<id_1bl58us_115_95esiu>	<id_gnbkoo_178_k2xj69>	<extractionSource>	<http://de.wikipedia.org/wiki/%C3%85ngstr%C3%B6m_%28Einheit%29>
	<id_1bl58us_115_95esiu>	<extractionTechnique>	"Infobox Extractor"
<id_z19xic_115_95esiu>	<id_gnbkoo_1lm_27evyo>	<extractionSource>	<http://de.wikipedia.org/wiki/%C3%85ngstr%C3%B6m_%28Einheit%29>
	<id_z19xic_115_95esiu>	<extractionTechnique>	"Infobox Extractor"
<id_1xxg89u_115_4v3fxy>	<id_14hz8g2_1cz_e83ge4>	<extractionSource>	<http://de.wikipedia.org/wiki/Ampere>
	<id_1xxg89u_115_4v3fxy>	<extractionTechnique>	"Infobox Extractor"
<id_4cv0n3_115_4v3fxy>	<id_14hz8g2_z0k_izkygh>	<extractionSource>	<http://de.wikipedia.org/wiki/Ampere>
	<id_4cv0n3_115_4v3fxy>	<extractionTechnique>	"Infobox Extractor"
<id_1444q4l_115_4v3fxy>	<id_14hz8g2_gpv_1bym441>	<extractionSource>	<http://de.wikipedia.org/wiki/Ampere>
	<id_1444q4l_115_4v3fxy>	<extractionTechnique>	"Infobox Extractor"
<id_dvxmm1_115_4v3fxy>	<id_14hz8g2_12q_1qm601g>	<extractionSource>	<http://de.wikipedia.org/wiki/Ampere>
	<id_dvxmm1_115_4v3fxy>	<extractionTechnique>	"Infobox Extractor"
<id_1ncsrki_115_4v3fxy>	<id_14hz8g2_17o_1w0gpis>	<extractionSource>	<http://de.wikipedia.org/wiki/Ampere>
	<id_1ncsrki_115_4v3fxy>	<extractionTechnique>	"Infobox Extractor"
<id_bgtzmm_115_4v3fxy>	<id_14hz8g2_17o_vhda2v>	<extractionSource>	<http://de.wikipedia.org/wiki/Ampere>
	<id_bgtzmm_115_4v3fxy>	<extractionTechnique>	"Infobox Extractor"
<id_1v68ap1_115_4v3fxy>	<id_14hz8g2_178_1pe2af8>	<extractionSource>	<http://de.wikipedia.org/wiki/Ampere>
	<id_1v68ap1_115_4v3fxy>	<extractionTechnique>	"Infobox Extractor"
<id_1r56if7_115_pfe2s9>	<id_26x78f_isf_ukf7sb>	<extractionSource>	<http://de.wikipedia.org/wiki/Ar_%28Einheit%29>
	<id_1r56if7_115_pfe2s9>	<extractionTechnique>	"Infobox Extractor"
<id_1sxkt91_115_pfe2s9>	<id_26x78f_1cz_18r6rcr>	<extractionSource>	<http://de.wikipedia.org/wiki/Ar_%28Einheit%29>
	<id_1sxkt91_115_pfe2s9>	<extractionTechnique>	"Infobox Extractor"
<id_ox8dwi_115_pfe2s9>	<id_26x78f_z0k_wu8x3c>	<extractionSource>	<http://de.wikipedia.org/wiki/Ar_%28Einheit%29>
	<id_ox8dwi_115_pfe2s9>	<extractionTechnique>	"Infobox Extractor"
<id_18svp29_115_pfe2s9>	<id_26x78f_gpv_eti4j5>	<extractionSource>	<http://de.wikipedia.org/wiki/Ar_%28Einheit%29>
	<id_18svp29_115_pfe2s9>	<extractionTechnique>	"Infobox Extractor"
<id_1ukpovy_115_pfe2s9>	<id_26x78f_12q_194idh8>	<extractionSource>	<http://de.wikipedia.org/wiki/Ar_%28Einheit%29>
	<id_1ukpovy_115_pfe2s9>	<extractionTechnique>	"Infobox Extractor"
<id_1mvhw49_115_pfe2s9>	<id_26x78f_17o_1almjp0>	<extractionSource>	<http://de.wikipedia.org/wiki/Ar_%28Einheit%29>
	<id_1mvhw49_115_pfe2s9>	<extractionTechnique>	"Infobox Extractor"
<id_1xf0yis_115_pfe2s9>	<id_26x78f_17o_1y87h2u>	<extractionSource>	<http://de.wikipedia.org/wiki/Ar_%28Einheit%29>
	<id_1xf0yis_115_pfe2s9>	<extractionTechnique>	"Infobox Extractor"
<id_1uiv7cr_115_pfe2s9>	<id_26x78f_178_h508c2>	<extractionSource>	<http://de.wikipedia.org/wiki/Ar_%28Einheit%29>
	<id_1uiv7cr_115_pfe2s9>	<extractionTechnique>	"Infobox Extractor"
<id_1kpaqox_115_pfe2s9>	<id_26x78f_1lm_3p4lpe>	<extractionSource>	<http://de.wikipedia.org/wiki/Ar_%28Einheit%29>
	<id_1kpaqox_115_pfe2s9>	<extractionTechnique>	"Infobox Extractor"
<id_meiw5n_115_pfe2s9>	<id_26x78f_12q_1pizhvb>	<extractionSource>	<http://de.wikipedia.org/wiki/Ar_%28Einheit%29>
	<id_meiw5n_115_pfe2s9>	<extractionTechnique>	"Infobox Extractor"
<id_55h1r9_115_1s64wgn>	<id_fypoej_z0k_15hcz91>	<extractionSource>	<http://de.wikipedia.org/wiki/Atomare_Masseneinheit>
	<id_55h1r9_115_1s64wgn>	<extractionTechnique>	"Infobox Extractor"
<id_v84891_115_1s64wgn>	<id_fypoej_gpv_11r5yn3>	<extractionSource>	<http://de.wikipedia.org/wiki/Atomare_Masseneinheit>
	<id_v84891_115_1s64wgn>	<extractionTechnique>	"Infobox Extractor"
<id_puyk7m_115_1s64wgn>	<id_fypoej_12q_yry8ls>	<extractionSource>	<http://de.wikipedia.org/wiki/Atomare_Masseneinheit>
	<id_puyk7m_115_1s64wgn>	<extractionTechnique>	"Infobox Extractor"
<id_n4vrr8_115_1s64wgn>	<id_fypoej_17o_gflol4>	<extractionSource>	<http://de.wikipedia.org/wiki/Atomare_Masseneinheit>
	<id_n4vrr8_115_1s64wgn>	<extractionTechnique>	"Infobox Extractor"
<id_w76609_115_1s64wgn>	<id_fypoej_17o_zjytdh>	<extractionSource>	<http://de.wikipedia.org/wiki/Atomare_Masseneinheit>
	<id_w76609_115_1s64wgn>	<extractionTechnique>	"Infobox Extractor"
<id_9vvax4_115_1s64wgn>	<id_fypoej_178_1p5rxkh>	<extractionSource>	<http://de.wikipedia.org/wiki/Atomare_Masseneinheit>
	<id_9vvax4_115_1s64wgn>	<extractionTechnique>	"Infobox Extractor"
<id_nmvobw_115_1s64wgn>	<id_fypoej_1lm_1cb5j8p>	<extractionSource>	<http://de.wikipedia.org/wiki/Atomare_Masseneinheit>
	<id_nmvobw_115_1s64wgn>	<extractionTechnique>	"Infobox Extractor"
<id_o3xqsi_115_5ouyey>	<id_15eb9b8_awl_cfe51b>	<extractionSource>	<http://de.wikipedia.org/wiki/Au%C3%9Fenbandruptur_des_oberen_Sprunggelenkes>
	<id_o3xqsi_115_5ouyey>	<extractionTechnique>	"Infobox Extractor"
<id_15bk882_115_5ouyey>	<id_15eb9b8_17o_10t8fg1>	<extractionSource>	<http://de.wikipedia.org/wiki/Au%C3%9Fenbandruptur_des_oberen_Sprunggelenkes>
	<id_15bk882_115_5ouyey>	<extractionTechnique>	"Infobox Extractor"
<id_cmdy52_115_4ygodw>	<id_14lcgw0_17o_19ai2o6>	<extractionSource>	<http://de.wikipedia.org/wiki/Astana>
	<id_cmdy52_115_4ygodw>	<extractionTechnique>	"Infobox Extractor"
<id_1mlubuc_115_4ygodw>	<id_14lcgw0_1kg_zjgz46>	<extractionSource>	<http://de.wikipedia.org/wiki/Astana>
	<id_1mlubuc_115_4ygodw>	<extractionTechnique>	"Infobox Extractor"
<id_17gp9l_115_4ygodw>	<id_14lcgw0_sc1_1qfpk69>	<extractionSource>	<http://de.wikipedia.org/wiki/Astana>
	<id_17gp9l_115_4ygodw>	<extractionTechnique>	"Infobox Extractor"
<id_1gbf20w_115_4ygodw>	<id_14lcgw0_1wj_1t1imq7>	<extractionSource>	<http://de.wikipedia.org/wiki/Astana>
	<id_1gbf20w_115_4ygodw>	<extractionTechnique>	"Infobox Extractor"
<id_tfejy3_115_4ygodw>	<id_14lcgw0_12u_p23sdu>	<extractionSource>	<http://de.wikipedia.org/wiki/Astana>
	<id_tfejy3_115_4ygodw>	<extractionTechnique>	"Infobox Extractor"
<id_1qse1m_115_4ygodw>	<id_14lcgw0_1o5_19eozul>	<extractionSource>	<http://de.wikipedia.org/wiki/Astana>
	<id_1qse1m_115_4ygodw>	<extractionTechnique>	"Infobox Extractor"
<id_4yt3ya_115_4ygodw>	<id_14lcgw0_1o8_zil6za>	<extractionSource>	<http://de.wikipedia.org/wiki/Astana>
	<id_4yt3ya_115_4ygodw>	<extractionTechnique>	"Infobox Extractor"
<id_phsnii_115_4ygodw>	<id_14lcgw0_1oj_zilf8i>	<extractionSource>	<http://de.wikipedia.org/wiki/Astana>
	<id_phsnii_115_4ygodw>	<extractionTechnique>	"Infobox Extractor"
<id_5mhp4i_115_4ygodw>	<id_14lcgw0_yfe_14f3hz8>	<extractionSource>	<http://de.wikipedia.org/wiki/Astana>
	<id_5mhp4i_115_4ygodw>	<extractionTechnique>	"Infobox Extractor"
<id_r493bg_115_4ygodw>	<id_14lcgw0_16y_t5jh49>	<extractionSource>	<http://de.wikipedia.org/wiki/Astana>
	<id_r493bg_115_4ygodw>	<extractionTechnique>	"Infobox Extractor"
<id_1vsbuf3_115_4ygodw>	<id_14lcgw0_17o_zil42g>	<extractionSource>	<http://de.wikipedia.org/wiki/Astana>
	<id_1vsbuf3_115_4ygodw>	<extractionTechnique>	"Infobox Extractor"
<id_15749v0_115_4ygodw>	<id_14lcgw0_17b_109udad>	<extractionSource>	<http://de.wikipedia.org/wiki/Astana>
	<id_15749v0_115_4ygodw>	<extractionTechnique>	"Infobox Extractor"
<id_1xo1z47_115_4ygodw>	<id_14lcgw0_1qu_zik2ak>	<extractionSource>	<http://de.wikipedia.org/wiki/Astana>
	<id_1xo1z47_115_4ygodw>	<extractionTechnique>	"Infobox Extractor"
<id_1xo1y2h_115_4ygodw>	<id_14lcgw0_1qu_zik273>	<extractionSource>	<http://de.wikipedia.org/wiki/Astana>
	<id_1xo1y2h_115_4ygodw>	<extractionTechnique>	"Infobox Extractor"
<id_1xo1x7n_115_4ygodw>	<id_14lcgw0_1qu_zik10w>	<extractionSource>	<http://de.wikipedia.org/wiki/Astana>
	<id_1xo1x7n_115_4ygodw>	<extractionTechnique>	"Infobox Extractor"
<id_1won9j4_115_4ygodw>	<id_14lcgw0_1r1_zik2ca>	<extractionSource>	<http://de.wikipedia.org/wiki/Astana>
	<id_1won9j4_115_4ygodw>	<extractionTechnique>	"Infobox Extractor"
<id_1won8gt_115_4ygodw>	<id_14lcgw0_1r1_zik283>	<extractionSource>	<http://de.wikipedia.org/wiki/Astana>
	<id_1won8gt_115_4ygodw>	<extractionTechnique>	"Infobox Extractor"
<id_1won7l4_115_4ygodw>	<id_14lcgw0_1r1_zik10w>	<extractionSource>	<http://de.wikipedia.org/wiki/Astana>
	<id_1won7l4_115_4ygodw>	<extractionTechnique>	"Infobox Extractor"
<id_1yls1qp_115_4ygodw>	<id_14lcgw0_1x0_1bwdcs2>	<extractionSource>	<http://de.wikipedia.org/wiki/Astana>
	<id_1yls1qp_115_4ygodw>	<extractionTechnique>	"Infobox Extractor"
<id_189365w_115_4ygodw>	<id_14lcgw0_19n_mvfw4x>	<extractionSource>	<http://de.wikipedia.org/wiki/Astana>
	<id_189365w_115_4ygodw>	<extractionTechnique>	"Infobox Extractor"
<id_vstua3_115_4ygodw>	<id_14lcgw0_ydb_zjk6yd>	<extractionSource>	<http://de.wikipedia.org/wiki/Astana>
	<id_vstua3_115_4ygodw>	<extractionTechnique>	"Infobox Extractor"
<id_1dxplr1_115_4ygodw>	<id_14lcgw0_1w1_bjeqog>	<extractionSource>	<http://de.wikipedia.org/wiki/Astana>
	<id_1dxplr1_115_4ygodw>	<extractionTechnique>	"Infobox Extractor"
<id_wrro29_115_4ygodw>	<id_14lcgw0_1vx_12bxvlg>	<extractionSource>	<http://de.wikipedia.org/wiki/Astana>
	<id_wrro29_115_4ygodw>	<extractionTechnique>	"Infobox Extractor"
<id_1ytb4fc_115_4ygodw>	<id_14lcgw0_1bu_1gxvx62>	<extractionSource>	<http://de.wikipedia.org/wiki/Astana>
	<id_1ytb4fc_115_4ygodw>	<extractionTechnique>	"Infobox Extractor"
<id_1eqyouo_115_4vjyms>	<id_14ifr4w_17o_pp63gv>	<extractionSource>	<http://de.wikipedia.org/wiki/Ankara>
	<id_1eqyouo_115_4vjyms>	<extractionTechnique>	"Infobox Extractor"
<id_127h305_115_4vjyms>	<id_14ifr4w_lsq_l6iqxx>	<extractionSource>	<http://de.wikipedia.org/wiki/Ankara>
	<id_127h305_115_4vjyms>	<extractionTechnique>	"Infobox Extractor"
<id_5kav04_115_4vjyms>	<id_14ifr4w_5mk_b96mf2>	<extractionSource>	<http://de.wikipedia.org/wiki/Ankara>
	<id_5kav04_115_4vjyms>	<extractionTechnique>	"Infobox Extractor"
<id_16xie94_115_4vjyms>	<id_14ifr4w_6vi_zjgz4u>	<extractionSource>	<http://de.wikipedia.org/wiki/Ankara>
	<id_16xie94_115_4vjyms>	<extractionTechnique>	"Infobox Extractor"
<id_7f4hae_115_4vjyms>	<id_14ifr4w_1al_17sb3tm>	<extractionSource>	<http://de.wikipedia.org/wiki/Ankara>
	<id_7f4hae_115_4vjyms>	<extractionTechnique>	"Infobox Extractor"
<id_7fonx9_115_4vjyms>	<id_14ifr4w_ino_1d7h03g>	<extractionSource>	<http://de.wikipedia.org/wiki/Ankara>
	<id_7fonx9_115_4vjyms>	<extractionTechnique>	"Infobox Extractor"
<id_10lndb9_115_4vjyms>	<id_14ifr4w_1v2_zjgz4v>	<extractionSource>	<http://de.wikipedia.org/wiki/Ankara>
	<id_10lndb9_115_4vjyms>	<extractionTechnique>	"Infobox Extractor"
<id_37hiun_115_4vjyms>	<id_14ifr4w_viz_zjh2ap>	<extractionSource>	<http://de.wikipedia.org/wiki/Ankara>
	<id_37hiun_115_4vjyms>	<extractionTechnique>	"Infobox Extractor"
<id_1jeixoj_115_4vjyms>	<id_14ifr4w_17o_zil8im>	<extractionSource>	<http://de.wikipedia.org/wiki/Ankara>
	<id_1jeixoj_115_4vjyms>	<extractionTechnique>	"Infobox Extractor"
<id_90okzk_115_4vjyms>	<id_14ifr4w_1sr_1ohwbdl>	<extractionSource>	<http://de.wikipedia.org/wiki/Ankara>
	<id_90okzk_115_4vjyms>	<extractionTechnique>	"Infobox Extractor"
<id_o9ssm7_115_4vjyms>	<id_14ifr4w_1sq_zilf1i>	<extractionSource>	<http://de.wikipedia.org/wiki/Ankara>
	<id_o9ssm7_115_4vjyms>	<extractionTechnique>	"Infobox Extractor"
<id_166jlau_115_4vjyms>	<id_14ifr4w_pzm_1w0x87m>	<extractionSource>	<http://de.wikipedia.org/wiki/Ankara>
	<id_166jlau_115_4vjyms>	<extractionTechnique>	"Infobox Extractor"
<id_1tr42on_115_4vjyms>	<id_14ifr4w_1w1_19134h7>	<extractionSource>	<http://de.wikipedia.org/wiki/Ankara>
	<id_1tr42on_115_4vjyms>	<extractionTechnique>	"Infobox Extractor"
<id_1kt2vbz_115_4vjyms>	<id_14ifr4w_1vx_hiutns>	<extractionSource>	<http://de.wikipedia.org/wiki/Ankara>
	<id_1kt2vbz_115_4vjyms>	<extractionTechnique>	"Infobox Extractor"
<id_1u96ka7_115_m21kea>	<id_2k3bw6_149_2ykp1w>	<extractionSource>	<http://de.wikipedia.org/wiki/Afghanistan>
	<id_1u96ka7_115_m21kea>	<extractionTechnique>	"Infobox Extractor"
<id_i9t2i0_115_m21kea>	<id_2k3bw6_54j_1c8xc9x>	<extractionSource>	<http://de.wikipedia.org/wiki/Afghanistan>
	<id_i9t2i0_115_m21kea>	<extractionTechnique>	"Infobox Extractor"
<id_1ncb8pm_115_m21kea>	<id_2k3bw6_d0j_1jsq09o>	<extractionSource>	<http://de.wikipedia.org/wiki/Afghanistan>
	<id_1ncb8pm_115_m21kea>	<extractionTechnique>	"Infobox Extractor"
<id_1hsutzs_115_m21kea>	<id_2k3bw6_140_zjicp8>	<extractionSource>	<http://de.wikipedia.org/wiki/Afghanistan>
	<id_1hsutzs_115_m21kea>	<extractionTechnique>	"Infobox Extractor"
<id_hgv0st_115_m21kea>	<id_2k3bw6_6o0_6hg8ft>	<extractionSource>	<http://de.wikipedia.org/wiki/Afghanistan>
	<id_hgv0st_115_m21kea>	<extractionTechnique>	"Infobox Extractor"
<id_taajvd_115_m21kea>	<id_2k3bw6_1e6_d0jged>	<extractionSource>	<http://de.wikipedia.org/wiki/Afghanistan>
	<id_taajvd_115_m21kea>	<extractionTechnique>	"Infobox Extractor"
<id_10eerbh_115_m21kea>	<id_2k3bw6_1j9_b1wh71>	<extractionSource>	<http://de.wikipedia.org/wiki/Afghanistan>
	<id_10eerbh_115_m21kea>	<extractionTechnique>	"Infobox Extractor"
<id_vt56x6_115_m21kea>	<id_2k3bw6_109_188onzm>	<extractionSource>	<http://de.wikipedia.org/wiki/Afghanistan>
	<id_vt56x6_115_m21kea>	<extractionTechnique>	"Infobox Extractor"
<id_1xltdu7_115_m21kea>	<id_2k3bw6_1m2_1oji9g7>	<extractionSource>	<http://de.wikipedia.org/wiki/Afghanistan>
	<id_1xltdu7_115_m21kea>	<extractionTechnique>	"Infobox Extractor"
<id_5fg5iy_115_m21kea>	<id_2k3bw6_rwm_10adqrh>	<extractionSource>	<http://de.wikipedia.org/wiki/Afghanistan>
	<id_5fg5iy_115_m21kea>	<extractionTechnique>	"Infobox Extractor"
<id_1duwtqb_115_m21kea>	<id_2k3bw6_akn_1k9ke6o>	<extractionSource>	<http://de.wikipedia.org/wiki/Afghanistan>
	<id_1duwtqb_115_m21kea>	<extractionTechnique>	"Infobox Extractor"
<id_17549xd_115_m21kea>	<id_2k3bw6_ltk_5qoj4n>	<extractionSource>	<http://de.wikipedia.org/wiki/Afghanistan>
	<id_17549xd_115_m21kea>	<extractionTechnique>	"Infobox Extractor"
<id_1rmfzre_115_m21kea>	<id_2k3bw6_sc1_4b7fpk>	<extractionSource>	<http://de.wikipedia.org/wiki/Afghanistan>
	<id_1rmfzre_115_m21kea>	<extractionTechnique>	"Infobox Extractor"
<id_1cx010c_115_m21kea>	<id_2k3bw6_1o8_1mctmc>	<extractionSource>	<http://de.wikipedia.org/wiki/Afghanistan>
	<id_1cx010c_115_m21kea>	<extractionTechnique>	"Infobox Extractor"
<id_181utcy_115_m21kea>	<id_2k3bw6_18n_yj2kx>	<extractionSource>	<http://de.wikipedia.org/wiki/Afghanistan>
	<id_181utcy_115_m21kea>	<extractionTechnique>	"Infobox Extractor"
<id_9xf6xy_115_m21kea>	<id_2k3bw6_1s0_l2nt1f>	<extractionSource>	<http://de.wikipedia.org/wiki/Afghanistan>
	<id_9xf6xy_115_m21kea>	<extractionTechnique>	"Infobox Extractor"
<id_13rsi3x_115_m21kea>	<id_2k3bw6_akn_xgmagb>	<extractionSource>	<http://de.wikipedia.org/wiki/Afghanistan>
	<id_13rsi3x_115_m21kea>	<extractionTechnique>	"Infobox Extractor"
<id_1wigjs3_115_m21kea>	<id_2k3bw6_j7o_1tfp2kz>	<extractionSource>	<http://de.wikipedia.org/wiki/Afghanistan>
	<id_1wigjs3_115_m21kea>	<extractionTechnique>	"Infobox Extractor"
<id_1v3vfhu_115_m21kea>	<id_2k3bw6_ako_17ifcaa>	<extractionSource>	<http://de.wikipedia.org/wiki/Afghanistan>
	<id_1v3vfhu_115_m21kea>	<extractionTechnique>	"Infobox Extractor"
<id_1jnt23f_115_m21kea>	<id_2k3bw6_17b_zhzw1j>	<extractionSource>	<http://de.wikipedia.org/wiki/Afghanistan>
	<id_1jnt23f_115_m21kea>	<extractionTechnique>	"Infobox Extractor"
<id_7fa5xd_115_m21kea>	<id_2k3bw6_131_1vyxo60>	<extractionSource>	<http://de.wikipedia.org/wiki/Afghanistan>
	<id_7fa5xd_115_m21kea>	<extractionTechnique>	"Infobox Extractor"
<id_vtjynx_115_m21kea>	<id_2k3bw6_1io_1j7hfs0>	<extractionSource>	<http://de.wikipedia.org/wiki/Afghanistan>
	<id_vtjynx_115_m21kea>	<extractionTechnique>	"Infobox Extractor"
<id_qs6r11_115_m21kea>	<id_2k3bw6_b1a_1ecb5rf>	<extractionSource>	<http://de.wikipedia.org/wiki/Afghanistan>
	<id_qs6r11_115_m21kea>	<extractionTechnique>	"Infobox Extractor"
<id_a7ek9v_115_m21kea>	<id_2k3bw6_szo_1ux74v3>	<extractionSource>	<http://de.wikipedia.org/wiki/Afghanistan>
	<id_a7ek9v_115_m21kea>	<extractionTechnique>	"Infobox Extractor"
<id_ni3eg_115_m21kea>	<id_2k3bw6_hyw_17l8tm0>	<extractionSource>	<http://de.wikipedia.org/wiki/Afghanistan>
	<id_ni3eg_115_m21kea>	<extractionTechnique>	"Infobox Extractor"
<id_1kddg5t_115_m21kea>	<id_2k3bw6_m2h_1h6gflo>	<extractionSource>	<http://de.wikipedia.org/wiki/Afghanistan>
	<id_1kddg5t_115_m21kea>	<extractionTechnique>	"Infobox Extractor"
<id_11zmfip_115_m21kea>	<id_2k3bw6_1pn_1h72e13>	<extractionSource>	<http://de.wikipedia.org/wiki/Afghanistan>
	<id_11zmfip_115_m21kea>	<extractionTechnique>	"Infobox Extractor"
<id_137lyk8_115_m21kea>	<id_2k3bw6_ydb_ziky9x>	<extractionSource>	<http://de.wikipedia.org/wiki/Afghanistan>
	<id_137lyk8_115_m21kea>	<extractionTechnique>	"Infobox Extractor"
<id_hwho9b_115_m21kea>	<id_2k3bw6_ekn_g37tje>	<extractionSource>	<http://de.wikipedia.org/wiki/Afghanistan>
	<id_hwho9b_115_m21kea>	<extractionTechnique>	"Infobox Extractor"
<id_firyb1_115_m21kea>	<id_2k3bw6_1ux_1xwee62>	<extractionSource>	<http://de.wikipedia.org/wiki/Afghanistan>
	<id_firyb1_115_m21kea>	<extractionTechnique>	"Infobox Extractor"
<id_9yh1ff_115_m21kea>	<id_2k3bw6_14j_cnfgnq>	<extractionSource>	<http://de.wikipedia.org/wiki/Afghanistan>
	<id_9yh1ff_115_m21kea>	<extractionTechnique>	"Infobox Extractor"
<id_1sjufzl_115_m21kea>	<id_2k3bw6_1bu_181t0tn>	<extractionSource>	<http://de.wikipedia.org/wiki/Afghanistan>
	<id_1sjufzl_115_m21kea>	<extractionTechnique>	"Infobox Extractor"
<id_34mb6i_115_1t03b9v>	<id_4sru8v_gmd_enmore>	<extractionSource>	<http://de.wikipedia.org/wiki/Alexandria>
	<id_34mb6i_115_1t03b9v>	<extractionTechnique>	"Infobox Extractor"
<id_1dg01br_115_1t03b9v>	<id_4sru8v_17o_18tt8b9>	<extractionSource>	<http://de.wikipedia.org/wiki/Alexandria>
	<id_1dg01br_115_1t03b9v>	<extractionTechnique>	"Infobox Extractor"
<id_s4wa4z_115_1t03b9v>	<id_4sru8v_1j9_os8p52>	<extractionSource>	<http://de.wikipedia.org/wiki/Alexandria>
	<id_s4wa4z_115_1t03b9v>	<extractionTechnique>	"Infobox Extractor"
<id_1wlgky9_115_1t03b9v>	<id_4sru8v_vap_6wqg16>	<extractionSource>	<http://de.wikipedia.org/wiki/Alexandria>
	<id_1wlgky9_115_1t03b9v>	<extractionTechnique>	"Infobox Extractor"
<id_f7nt2j_115_1t03b9v>	<id_4sru8v_1md_8kmg7c>	<extractionSource>	<http://de.wikipedia.org/wiki/Alexandria>
	<id_f7nt2j_115_1t03b9v>	<extractionTechnique>	"Infobox Extractor"
<id_1a1sr2b_115_1t03b9v>	<id_4sru8v_5mk_1x6bv0w>	<extractionSource>	<http://de.wikipedia.org/wiki/Alexandria>
	<id_1a1sr2b_115_1t03b9v>	<extractionTechnique>	"Infobox Extractor"
<id_a74jjx_115_1t03b9v>	<id_4sru8v_sc1_16c71jh>	<extractionSource>	<http://de.wikipedia.org/wiki/Alexandria>
	<id_a74jjx_115_1t03b9v>	<extractionTechnique>	"Infobox Extractor"
<id_1p2pshu_115_1t03b9v>	<id_4sru8v_1o5_1hjt2ym>	<extractionSource>	<http://de.wikipedia.org/wiki/Alexandria>
	<id_1p2pshu_115_1t03b9v>	<extractionTechnique>	"Infobox Extractor"
<id_14229z_115_1t03b9v>	<id_4sru8v_18n_zjdugz>	<extractionSource>	<http://de.wikipedia.org/wiki/Alexandria>
	<id_14229z_115_1t03b9v>	<extractionTechnique>	"Infobox Extractor"
<id_4mci1p_115_1t03b9v>	<id_4sru8v_1tr_1xajgte>	<extractionSource>	<http://de.wikipedia.org/wiki/Alexandria>
	<id_4mci1p_115_1t03b9v>	<extractionTechnique>	"Infobox Extractor"
<id_ok1vxg_115_1t03b9v>	<id_4sru8v_4ds_sqwy4a>	<extractionSource>	<http://de.wikipedia.org/wiki/Alexandria>
	<id_ok1vxg_115_1t03b9v>	<extractionTechnique>	"Infobox Extractor"
<id_167awvy_115_1t03b9v>	<id_4sru8v_1ob_17bwd7b>	<extractionSource>	<http://de.wikipedia.org/wiki/Alexandria>
	<id_167awvy_115_1t03b9v>	<extractionTechnique>	"Infobox Extractor"
<id_xhhx20_115_1t03b9v>	<id_4sru8v_1bb_zjh3qe>	<extractionSource>	<http://de.wikipedia.org/wiki/Alexandria>
	<id_xhhx20_115_1t03b9v>	<extractionTechnique>	"Infobox Extractor"
<id_1kjb94l_115_1t03b9v>	<id_4sru8v_1rl_zjgz47>	<extractionSource>	<http://de.wikipedia.org/wiki/Alexandria>
	<id_1kjb94l_115_1t03b9v>	<extractionTechnique>	"Infobox Extractor"
<id_18lpbpp_115_1t03b9v>	<id_4sru8v_17o_1014ym4>	<extractionSource>	<http://de.wikipedia.org/wiki/Alexandria>
	<id_18lpbpp_115_1t03b9v>	<extractionTechnique>	"Infobox Extractor"
<id_1q7mt8h_115_1t03b9v>	<id_4sru8v_hzh_1ghlu8b>	<extractionSource>	<http://de.wikipedia.org/wiki/Alexandria>
	<id_1q7mt8h_115_1t03b9v>	<extractionTechnique>	"Infobox Extractor"
<id_10y88hw_115_1t03b9v>	<id_4sru8v_4fn_zjgz47>	<extractionSource>	<http://de.wikipedia.org/wiki/Alexandria>
	<id_10y88hw_115_1t03b9v>	<extractionTechnique>	"Infobox Extractor"
<id_1mebp8v_115_1t03b9v>	<id_4sru8v_1w1_13bus4t>	<extractionSource>	<http://de.wikipedia.org/wiki/Alexandria>
	<id_1mebp8v_115_1t03b9v>	<extractionTechnique>	"Infobox Extractor"
<id_14cdnxy_115_1t03b9v>	<id_4sru8v_ako_1l8bbd2>	<extractionSource>	<http://de.wikipedia.org/wiki/Alexandria>
	<id_14cdnxy_115_1t03b9v>	<extractionTechnique>	"Infobox Extractor"
<id_1n8qoaa_115_pd42pq>	<id_jn1836_ooo_zx3f6z>	<extractionSource>	<http://de.wikipedia.org/wiki/Asien>
	<id_1n8qoaa_115_pd42pq>	<extractionTechnique>	"Infobox Extractor"
<id_t3sk4g_115_pd42pq>	<id_jn1836_kgt_zik2dz>	<extractionSource>	<http://de.wikipedia.org/wiki/Asien>
	<id_t3sk4g_115_pd42pq>	<extractionTechnique>	"Infobox Extractor"
<id_1gv95md_115_pd42pq>	<id_jn1836_1o8_1ewdipo>	<extractionSource>	<http://de.wikipedia.org/wiki/Asien>
	<id_1gv95md_115_pd42pq>	<extractionTechnique>	"Infobox Extractor"
<id_1wtganu_115_pd42pq>	<id_jn1836_4ax_l0tj65>	<extractionSource>	<http://de.wikipedia.org/wiki/Asien>
	<id_1wtganu_115_pd42pq>	<extractionTechnique>	"Infobox Extractor"
<id_1tqczy2_115_pd42pq>	<id_jn1836_11s_5vbse4>	<extractionSource>	<http://de.wikipedia.org/wiki/Asien>
	<id_1tqczy2_115_pd42pq>	<extractionTechnique>	"Infobox Extractor"
<id_ts8wi4_115_pd42pq>	<id_jn1836_1su_zik29v>	<extractionSource>	<http://de.wikipedia.org/wiki/Asien>
	<id_ts8wi4_115_pd42pq>	<extractionTechnique>	"Infobox Extractor"
<id_1r5748c_115_pd42pq>	<id_jn1836_d7v_1i1abx3>	<extractionSource>	<http://de.wikipedia.org/wiki/Asien>
	<id_1r5748c_115_pd42pq>	<extractionTechnique>	"Infobox Extractor"
<id_hlarsr_115_pd42pq>	<id_jn1836_1va_1qlpgmu>	<extractionSource>	<http://de.wikipedia.org/wiki/Asien>
	<id_hlarsr_115_pd42pq>	<extractionTechnique>	"Infobox Extractor"
<id_3aocjx_115_pd42pq>	<id_jn1836_pq2_f3zkau>	<extractionSource>	<http://de.wikipedia.org/wiki/Asien>
	<id_3aocjx_115_pd42pq>	<extractionTechnique>	"Infobox Extractor"
<id_j6rk8g_115_pd2b3s>	<id_jmzgh8_xdk_1nzuq8j>	<extractionSource>	<http://de.wikipedia.org/wiki/Apple>
	<id_j6rk8g_115_pd2b3s>	<extractionTechnique>	"Infobox Extractor"
<id_1gj8kfn_115_pd2b3s>	<id_jmzgh8_cpc_zjgiyv>	<extractionSource>	<http://de.wikipedia.org/wiki/Apple>
	<id_1gj8kfn_115_pd2b3s>	<extractionTechnique>	"Infobox Extractor"
<id_3py18y_115_pd2b3s>	<id_jmzgh8_wn0_1mvif84>	<extractionSource>	<http://de.wikipedia.org/wiki/Apple>
	<id_3py18y_115_pd2b3s>	<extractionTechnique>	"Infobox Extractor"
<id_r59z69_115_pd2b3s>	<id_jmzgh8_17o_1spdwxy>	<extractionSource>	<http://de.wikipedia.org/wiki/Apple>
	<id_r59z69_115_pd2b3s>	<extractionTechnique>	"Infobox Extractor"
<id_q76g9q_115_pd2b3s>	<id_jmzgh8_w28_1dlgx7h>	<extractionSource>	<http://de.wikipedia.org/wiki/Apple>
	<id_q76g9q_115_pd2b3s>	<extractionTechnique>	"Infobox Extractor"
<id_1ks88rb_115_pd2b3s>	<id_jmzgh8_17o_o5z76y>	<extractionSource>	<http://de.wikipedia.org/wiki/Apple>
	<id_1ks88rb_115_pd2b3s>	<extractionTechnique>	"Infobox Extractor"
<id_1jfm61i_115_pd2b3s>	<id_jmzgh8_v2v_1qcdig5>	<extractionSource>	<http://de.wikipedia.org/wiki/Apple>
	<id_1jfm61i_115_pd2b3s>	<extractionTechnique>	"Infobox Extractor"
<id_oo6icy_115_pd2b3s>	<id_jmzgh8_17o_1nicpcm>	<extractionSource>	<http://de.wikipedia.org/wiki/Apple>
	<id_oo6icy_115_pd2b3s>	<extractionTechnique>	"Infobox Extractor"
<id_1gkpjs3_115_pd2b3s>	<id_jmzgh8_17o_f9ga05>	<extractionSource>	<http://de.wikipedia.org/wiki/Apple>
	<id_1gkpjs3_115_pd2b3s>	<extractionTechnique>	"Infobox Extractor"
<id_s0z64j_115_pd2b3s>	<id_jmzgh8_1va_1tb0fe1>	<extractionSource>	<http://de.wikipedia.org/wiki/Apple>
	<id_s0z64j_115_pd2b3s>	<extractionTechnique>	"Infobox Extractor"
<id_tjhh61_115_pd2b3s>	<id_jmzgh8_18i_10uh3uu>	<extractionSource>	<http://de.wikipedia.org/wiki/Apple>
	<id_tjhh61_115_pd2b3s>	<extractionTechnique>	"Infobox Extractor"
<id_r5naos_115_124saff>	<id_1b35psn_149_gysjml>	<extractionSource>	<http://de.wikipedia.org/wiki/Algerien>
	<id_r5naos_115_124saff>	<extractionTechnique>	"Infobox Extractor"
<id_daqqxb_115_124saff>	<id_1b35psn_54j_wprkus>	<extractionSource>	<http://de.wikipedia.org/wiki/Algerien>
	<id_daqqxb_115_124saff>	<extractionTechnique>	"Infobox Extractor"
<id_1d6v3ev_115_124saff>	<id_1b35psn_d0j_sllqsp>	<extractionSource>	<http://de.wikipedia.org/wiki/Algerien>
	<id_1d6v3ev_115_124saff>	<extractionTechnique>	"Infobox Extractor"
<id_1omvctv_115_124saff>	<id_1b35psn_140_zjge9a>	<extractionSource>	<http://de.wikipedia.org/wiki/Algerien>
	<id_1omvctv_115_124saff>	<extractionTechnique>	"Infobox Extractor"
<id_1heucq9_115_124saff>	<id_1b35psn_17o_1o91n9s>	<extractionSource>	<http://de.wikipedia.org/wiki/Algerien>
	<id_1heucq9_115_124saff>	<extractionTechnique>	"Infobox Extractor"
<id_1catvm2_115_124saff>	<id_1b35psn_1e6_1toqpfm>	<extractionSource>	<http://de.wikipedia.org/wiki/Algerien>
	<id_1catvm2_115_124saff>	<extractionTechnique>	"Infobox Extractor"
<id_e4xjec_115_124saff>	<id_1b35psn_1lf_zik3lj>	<extractionSource>	<http://de.wikipedia.org/wiki/Algerien>
	<id_e4xjec_115_124saff>	<extractionTechnique>	"Infobox Extractor"
<id_mpvspv_115_124saff>	<id_1b35psn_1j9_5eoj9g>	<extractionSource>	<http://de.wikipedia.org/wiki/Algerien>
	<id_mpvspv_115_124saff>	<extractionTechnique>	"Infobox Extractor"
<id_1k3018e_115_124saff>	<id_1b35psn_109_1lqo2dy>	<extractionSource>	<http://de.wikipedia.org/wiki/Algerien>
	<id_1k3018e_115_124saff>	<extractionTechnique>	"Infobox Extractor"
<id_18qoj0w_115_124saff>	<id_1b35psn_1m2_sddoy9>	<extractionSource>	<http://de.wikipedia.org/wiki/Algerien>
	<id_18qoj0w_115_124saff>	<extractionTechnique>	"Infobox Extractor"
<id_47oepf_115_124saff>	<id_1b35psn_rwm_10aexrr>	<extractionSource>	<http://de.wikipedia.org/wiki/Algerien>
	<id_47oepf_115_124saff>	<extractionTechnique>	"Infobox Extractor"
<id_152v5ti_115_124saff>	<id_1b35psn_akn_ls2xbe>	<extractionSource>	<http://de.wikipedia.org/wiki/Algerien>
	<id_152v5ti_115_124saff>	<extractionTechnique>	"Infobox Extractor"
<id_300vrs_115_124saff>	<id_1b35psn_ltk_hko3pz>	<extractionSource>	<http://de.wikipedia.org/wiki/Algerien>
	<id_300vrs_115_124saff>	<extractionTechnique>	"Infobox Extractor"
<id_sobe81_115_124saff>	<id_1b35psn_sc1_qxttvg>	<extractionSource>	<http://de.wikipedia.org/wiki/Algerien>
	<id_sobe81_115_124saff>	<extractionTechnique>	"Infobox Extractor"
<id_1kiu9jj_115_124saff>	<id_1b35psn_1o8_3c80ja>	<extractionSource>	<http://de.wikipedia.org/wiki/Algerien>
	<id_1kiu9jj_115_124saff>	<extractionTechnique>	"Infobox Extractor"
<id_mbewvi_115_124saff>	<id_1b35psn_1s0_vhcjtm>	<extractionSource>	<http://de.wikipedia.org/wiki/Algerien>
	<id_mbewvi_115_124saff>	<extractionTechnique>	"Infobox Extractor"
<id_1aluce9_115_124saff>	<id_1b35psn_akn_xgmcoe>	<extractionSource>	<http://de.wikipedia.org/wiki/Algerien>
	<id_1aluce9_115_124saff>	<extractionTechnique>	"Infobox Extractor"
<id_1vaqcdt_115_124saff>	<id_1b35psn_j7o_1tfredg>	<extractionSource>	<http://de.wikipedia.org/wiki/Algerien>
	<id_1vaqcdt_115_124saff>	<extractionTechnique>	"Infobox Extractor"
<id_inrokg_115_124saff>	<id_1b35psn_ako_1is22cm>	<extractionSource>	<http://de.wikipedia.org/wiki/Algerien>
	<id_inrokg_115_124saff>	<extractionTechnique>	"Infobox Extractor"
<id_1qi3ote_115_124saff>	<id_1b35psn_17b_zik2om>	<extractionSource>	<http://de.wikipedia.org/wiki/Algerien>
	<id_1qi3ote_115_124saff>	<extractionTechnique>	"Infobox Extractor"
<id_1aalhss_115_124saff>	<id_1b35psn_131_vatel1>	<extractionSource>	<http://de.wikipedia.org/wiki/Algerien>
	<id_1aalhss_115_124saff>	<extractionTechnique>	"Infobox Extractor"
<id_1ue7rg8_115_124saff>	<id_1b35psn_1io_a29qhd>	<extractionSource>	<http://de.wikipedia.org/wiki/Algerien>
	<id_1ue7rg8_115_124saff>	<extractionTechnique>	"Infobox Extractor"
<id_1kuvck2_115_124saff>	<id_1b35psn_szo_eme4pi>	<extractionSource>	<http://de.wikipedia.org/wiki/Algerien>
	<id_1kuvck2_115_124saff>	<extractionTechnique>	"Infobox Extractor"
<id_14had78_115_124saff>	<id_1b35psn_1lq_llecpr>	<extractionSource>	<http://de.wikipedia.org/wiki/Algerien>
	<id_14had78_115_124saff>	<extractionTechnique>	"Infobox Extractor"
<id_1yotq5r_115_124saff>	<id_1b35psn_hyw_ibo5jv>	<extractionSource>	<http://de.wikipedia.org/wiki/Algerien>
	<id_1yotq5r_115_124saff>	<extractionTechnique>	"Infobox Extractor"
<id_11zpq22_115_124saff>	<id_1b35psn_m2h_eq4490>	<extractionSource>	<http://de.wikipedia.org/wiki/Algerien>
	<id_11zpq22_115_124saff>	<extractionTechnique>	"Infobox Extractor"
<id_16yvrgy_115_124saff>	<id_1b35psn_1pn_1svewpw>	<extractionSource>	<http://de.wikipedia.org/wiki/Algerien>
	<id_16yvrgy_115_124saff>	<extractionTechnique>	"Infobox Extractor"
<id_1a2261y_115_124saff>	<id_1b35psn_ydb_zjcjpl>	<extractionSource>	<http://de.wikipedia.org/wiki/Algerien>
	<id_1a2261y_115_124saff>	<extractionTechnique>	"Infobox Extractor"
<id_1l4x1ym_115_124saff>	<id_1b35psn_1mi_1mmc1f2>	<extractionSource>	<http://de.wikipedia.org/wiki/Algerien>
	<id_1l4x1ym_115_124saff>	<extractionTechnique>	"Infobox Extractor"
<id_1wyjidp_115_124saff>	<id_1b35psn_ekn_1cukg4d>	<extractionSource>	<http://de.wikipedia.org/wiki/Algerien>
	<id_1wyjidp_115_124saff>	<extractionTechnique>	"Infobox Extractor"
<id_1dn7wh_115_124saff>	<id_1b35psn_gbe_166122a>	<extractionSource>	<http://de.wikipedia.org/wiki/Algerien>
	<id_1dn7wh_115_124saff>	<extractionTechnique>	"Infobox Extractor"
<id_i483ve_115_124saff>	<id_1b35psn_1ux_5frolb>	<extractionSource>	<http://de.wikipedia.org/wiki/Algerien>
	<id_i483ve_115_124saff>	<extractionTechnique>	"Infobox Extractor"
<id_1tmyx34_115_124saff>	<id_1b35psn_14j_1cih6y7>	<extractionSource>	<http://de.wikipedia.org/wiki/Algerien>
	<id_1tmyx34_115_124saff>	<extractionTechnique>	"Infobox Extractor"
<id_1ol10av_115_124saff>	<id_1b35psn_1bu_10w1mmf>	<extractionSource>	<http://de.wikipedia.org/wiki/Algerien>
	<id_1ol10av_115_124saff>	<extractionTechnique>	"Infobox Extractor"
